,Id,SalePrice,SalePrice2,School
0,1461,105000,99.0,Northwood
1,1462,172000,99.0,Northwood
2,1463,189900,99.0,High
3,1464,195500,99.0,High
4,1465,191500,99.0,Northwood
5,1466,175900,99.0,Fellows
6,1467,185000,99.0,
7,1468,180400,99.0,High
8,1469,171500,99.0,Fellows
9,1470,126000,99.0,Northwood
10,1471,184000,99.0,Northwood
11,1472,96000,99.0,Northwood
12,1473,105500,99.0,Fellows
13,1474,149900,99.0,Northwood
14,1475,120000,99.0,Northwood
15,1476,376162,99.0,High
16,1477,290941,99.0,High
17,1478,275000,99.0,High
18,1479,259000,99.0,High
19,1480,500000,99.0,High
20,1481,320000,99.0,High
21,1482,205000,99.0,High
22,1483,199500,99.0,High
23,1484,160000,99.0,High
24,1485,184500,99.0,High
25,1486,185088,99.0,High
26,1487,355000,99.0,High
27,1488,221500,99.0,High
28,1489,204500,99.0,High
29,1490,271500,99.0,High
30,1491,181000,99.0,Sawyer
31,1492,67500,99.0,Sawyer
32,1493,169000,99.0,Sawyer
33,1494,362500,99.0,High
34,1495,285000,99.0,High
35,1496,260000,99.0,High
36,1497,190000,99.0,High
37,1498,155000,99.0,High
38,1499,149500,99.0,High
39,1500,152000,99.0,High
40,1501,177000,99.0,
41,1502,147110,99.0,
42,1503,267916,99.0,High
43,1504,254000,99.0,High
44,1505,230000,99.0,High
45,1506,218500,99.0,
46,1507,243500,99.0,High
47,1508,212500,99.0,
48,1509,171000,99.0,Fellows
49,1510,142250,99.0,Fellows
50,1511,159000,99.0,Fellows
51,1512,178900,99.0,Fellows
52,1513,136300,99.0,
53,1514,84900,99.0,Fellows
54,1515,197600,99.0,Meeker
55,1516,172500,99.0,Meeker
56,1517,178000,99.0,Northwood
57,1518,135000,99.0,Meeker
58,1519,214000,99.0,Meeker
59,1520,136000,99.0,
60,1521,108538,99.0,Meeker
61,1522,159500,99.0,Meeker
62,1523,108000,99.0,Meeker
63,1524,135000,99.0,Meeker
64,1525,122500,99.0,Meeker
65,1526,119000,99.0,Meeker
66,1527,105000,99.0,Meeker
67,1528,132000,99.0,Meeker
68,1529,148000,99.0,Meeker
69,1530,192000,99.0,Meeker
70,1531,80400,99.0,Meeker
71,1532,109500,99.0,Meeker
72,1533,143000,99.0,Meeker
73,1534,119000,99.0,Meeker
74,1535,129000,99.0,Meeker
75,1536,100000,99.0,
76,1537,12789,99.0,Meeker
77,1538,150000,99.0,Meeker
78,1539,240000,99.0,Meeker
79,1540,76500,99.0,Meeker
80,1541,140750,99.0,Meeker
81,1542,128500,99.0,Fellows
82,1543,209500,99.0,
83,1544,87000,99.0,Fellows
84,1545,134000,99.0,Fellows
85,1546,128000,99.0,Fellows
86,1547,132000,99.0,Fellows
87,1548,139900,99.0,Fellows
88,1549,123900,99.0,Fellows
89,1550,138400,99.0,Meeker
90,1551,109500,99.0,Meeker
91,1552,149500,99.0,Meeker
92,1553,159900,99.0,Meeker
93,1554,122000,99.0,Meeker
94,1555,173000,99.0,High
95,1556,107500,99.0,Sawyer
96,1557,100000,99.0,Middle
97,1558,95000,99.0,Middle
98,1559,93369,99.0,
99,1560,114900,99.0,Middle
100,1561,136000,99.0,Sawyer
101,1562,137900,99.0,Sawyer
102,1563,137250,99.0,Sawyer
103,1564,160250,99.0,
104,1565,163000,99.0,Sawyer
105,1566,270000,99.0,
106,1567,85000,99.0,Sawyer
107,1568,230000,99.0,
108,1569,124000,99.0,Middle
109,1570,144500,99.0,Middle
110,1571,127000,99.0,Middle
111,1572,128000,99.0,Middle
112,1573,308030,99.0,Middle
113,1574,114000,99.0,
114,1575,270000,99.0,Sawyer
115,1576,218000,99.0,Sawyer
116,1577,187000,99.0,Edwards
117,1578,138500,99.0,Sawyer
118,1579,159000,99.0,Edwards
119,1580,191000,99.0,
120,1581,150000,99.0,Edwards
121,1582,127000,99.0,Edwards
122,1583,318000,99.0,Edwards
123,1584,240000,99.0,Edwards
124,1585,143750,99.0,
125,1586,84900,99.0,Edwards
126,1587,155891,99.0,Edwards
127,1588,144000,99.0,Edwards
128,1589,64000,99.0,Middle
129,1590,125200,99.0,Middle
130,1591,90000,99.0,Middle
131,1592,104000,99.0,Middle
132,1593,126000,99.0,
133,1594,160000,99.0,Middle
134,1595,100000,99.0,High
135,1596,257500,99.0,High
136,1597,215000,99.0,High
137,1598,203135,99.0,Middle
138,1599,185000,99.0,Middle
139,1600,162500,99.0,Middle
140,1601,82000,99.0,High
141,1602,110000,99.0,High
142,1603,50138,99.0,Meeker
143,1604,246000,99.0,Mitchell
144,1605,254900,99.0,Mitchell
145,1606,190000,99.0,Mitchell
146,1607,170000,99.0,
147,1608,220000,99.0,Middle
148,1609,179781,99.0,Middle
149,1610,174000,99.0,Middle
150,1611,169000,99.0,Mitchell
151,1612,173500,99.0,Mitchell
152,1613,166500,99.0,
153,1614,119500,99.0,Mitchell
154,1615,76000,99.0,Mitchell
155,1616,88250,99.0,Mitchell
156,1617,85500,99.0,Mitchell
157,1618,130000,99.0,Mitchell
158,1619,149900,99.0,Mitchell
159,1620,159000,99.0,Mitchell
160,1621,136000,99.0,Mitchell
161,1622,161000,99.0,Mitchell
162,1623,285000,99.0,Mitchell
163,1624,231000,99.0,Mitchell
164,1625,124500,99.0,Northwood
165,1626,157000,99.0,Northwood
166,1627,189500,99.0,High
167,1628,270000,99.0,
168,1629,189000,99.0,Fellows
169,1630,375000,99.0,Northwood
170,1631,240000,99.0,Northwood
171,1632,239500,99.0,Northwood
172,1633,177500,99.0,High
173,1634,191000,99.0,High
174,1635,181316,99.0,
175,1636,166000,99.0,Fellows
176,1637,185000,99.0,Northwood
177,1638,154000,99.0,
178,1639,200000,99.0,High
179,1640,249000,99.0,
180,1641,184000,99.0,High
181,1642,240900,99.0,High
182,1643,220000,99.0,
183,1644,235000,99.0,
184,1645,213000,99.0,
185,1646,167900,99.0,Fellows
186,1647,158000,99.0,Fellows
187,1648,128000,99.0,
188,1649,143000,99.0,
189,1650,76500,99.0,Northwood
190,1651,130000,99.0,Northwood
191,1652,111000,99.0,Northwood
192,1653,97000,99.0,Fellows
193,1654,146000,99.0,Northwood
194,1655,123000,99.0,Northwood
195,1656,137900,99.0,Northwood
196,1657,147000,99.0,Northwood
197,1658,138000,99.0,Northwood
198,1659,128500,99.0,Northwood
199,1660,148800,99.0,
200,1661,462000,99.0,High
201,1662,398800,99.0,High
202,1663,404000,99.0,High
203,1664,610000,99.0,High
204,1665,360000,99.0,High
205,1666,296000,99.0,High
206,1667,409900,99.0,High
207,1668,335000,99.0,High
208,1669,300000,99.0,High
209,1670,324000,99.0,High
210,1671,269500,99.0,High
211,1672,445000,99.0,High
212,1673,290000,99.0,High
213,1674,255900,99.0,High
214,1675,213000,99.0,High
215,1676,184500,99.0,High
216,1677,212500,99.0,High
217,1678,552000,99.0,High
218,1679,382500,99.0,High
219,1680,320000,99.0,High
220,1681,248500,99.0,High
221,1682,286500,99.0,High
222,1683,173000,99.0,High
223,1684,184000,99.0,High
224,1685,167800,99.0,High
225,1686,180000,99.0,High
226,1687,170000,99.0,High
227,1688,189500,99.0,High
228,1689,195500,99.0,High
229,1690,192000,99.0,
230,1691,178000,99.0,
231,1692,257500,99.0,
232,1693,167000,99.0,High
233,1694,190000,99.0,High
234,1695,156000,99.0,High
235,1696,245000,99.0,
236,1697,168000,99.0,High
237,1698,327000,99.0,High
238,1699,315000,99.0,
239,1700,260000,99.0,High
240,1701,263550,99.0,
241,1702,275000,99.0,High
242,1703,257500,99.0,High
243,1704,275500,99.0,High
244,1705,245000,99.0,High
245,1706,468000,99.0,High
246,1707,225000,99.0,High
247,1708,229800,99.0,High
248,1709,250000,99.0,High
249,1710,238500,99.0,High
250,1711,270000,99.0,High
251,1712,264500,99.0,High
252,1713,291000,99.0,High
253,1714,234500,99.0,High
254,1715,209000,99.0,High
255,1716,159000,99.0,Sawyer
256,1717,152000,99.0,Sawyer
257,1718,143500,99.0,Sawyer
258,1719,193000,99.0,Sawyer
259,1720,203000,99.0,Sawyer
260,1721,159000,99.0,Sawyer
261,1722,142000,99.0,Sawyer
262,1723,153000,99.0,Sawyer
263,1724,224243,99.0,Sawyer
264,1725,220000,99.0,Sawyer
265,1726,171500,99.0,Sawyer
266,1727,145000,99.0,Sawyer
267,1728,184000,99.0,Sawyer
268,1729,162000,99.0,
269,1730,160000,99.0,Sawyer
270,1731,110000,99.0,Sawyer
271,1732,141000,99.0,
272,1733,122000,99.0,
273,1734,124100,99.0,
274,1735,129000,99.0,
275,1736,123000,99.0,Sawyer
276,1737,275000,99.0,
277,1738,235000,99.0,
278,1739,280750,99.0,High
279,1740,222000,99.0,
280,1741,195000,99.0,
281,1742,180000,99.0,High
282,1743,156000,99.0,High
283,1744,318750,99.0,
284,1745,241600,99.0,High
285,1746,180500,99.0,High
286,1747,206000,99.0,
287,1748,256900,99.0,Fellows
288,1749,163000,99.0,Fellows
289,1750,113000,99.0,Fellows
290,1751,230000,99.0,
291,1752,130000,99.0,Fellows
292,1753,143000,99.0,Fellows
293,1754,168500,99.0,Fellows
294,1755,172500,99.0,
295,1756,141500,99.0,Fellows
296,1757,118000,99.0,Fellows
297,1758,140000,99.0,
298,1759,177625,99.0,
299,1760,153000,99.0,Fellows
300,1761,145100,99.0,Fellows
301,1762,177500,99.0,
302,1763,174500,99.0,Fellows
303,1764,122000,99.0,Fellows
304,1765,175000,99.0,Fellows
305,1766,187500,99.0,Northwood
306,1767,256000,99.0,Northwood
307,1768,150000,99.0,Meeker
308,1769,176000,99.0,
309,1770,149500,99.0,Meeker
310,1771,120000,99.0,Meeker
311,1772,153000,99.0,Meeker
312,1773,144000,99.0,Meeker
313,1774,135000,99.0,Meeker
314,1775,131000,99.0,Meeker
315,1776,126000,99.0,Meeker
316,1777,113000,99.0,Meeker
317,1778,145500,99.0,Meeker
318,1779,102900,99.0,Meeker
319,1780,152500,99.0,Meeker
320,1781,129900,99.0,Meeker
321,1782,99900,99.0,Meeker
322,1783,149000,99.0,Meeker
323,1784,114000,99.0,Meeker
324,1785,125000,99.0,Meeker
325,1786,142900,99.0,Meeker
326,1787,156500,99.0,Meeker
327,1788,59000,99.0,Meeker
328,1789,106000,99.0,Meeker
329,1790,78500,99.0,Meeker
330,1791,190000,99.0,Meeker
331,1792,154000,99.0,Meeker
332,1793,163000,99.0,Meeker
333,1794,143500,99.0,Meeker
334,1795,135000,99.0,Meeker
335,1796,113500,99.0,Meeker
336,1797,128500,99.0,Meeker
337,1798,128000,99.0,Meeker
338,1799,118900,99.0,Meeker
339,1800,138000,99.0,Meeker
340,1801,133500,99.0,Meeker
341,1802,135000,99.0,Meeker
342,1803,144750,99.0,Meeker
343,1804,145000,99.0,Meeker
344,1805,127000,99.0,Meeker
345,1806,128900,99.0,Meeker
346,1807,103500,99.0,Meeker
347,1808,130000,99.0,Meeker
348,1809,129000,99.0,Meeker
349,1810,150000,99.0,Meeker
350,1811,94550,99.0,Meeker
351,1812,103000,99.0,Meeker
352,1813,129500,99.0,Meeker
353,1814,80000,99.0,Meeker
354,1815,45000,99.0,Meeker
355,1816,99500,99.0,Meeker
356,1817,87500,99.0,Meeker
357,1818,160000,99.0,Meeker
358,1819,119000,99.0,Meeker
359,1820,58500,99.0,
360,1821,119000,99.0,Meeker
361,1822,146500,99.0,Meeker
362,1823,44000,99.0,Meeker
363,1824,149000,99.0,
364,1825,137000,99.0,Fellows
365,1826,93000,99.0,Meeker
366,1827,115000,99.0,Fellows
367,1828,150000,99.0,Meeker
368,1829,126500,99.0,Meeker
369,1830,155000,99.0,Meeker
370,1831,179900,99.0,Meeker
371,1832,62500,99.0,Meeker
372,1833,149000,99.0,High
373,1834,123000,99.0,
374,1835,97500,99.0,Meeker
375,1836,135000,99.0,Fellows
376,1837,70000,99.0,Fellows
377,1838,116000,99.0,Meeker
378,1839,88750,99.0,Sawyer
379,1840,179000,99.0,Middle
380,1841,159900,99.0,
381,1842,63000,99.0,Middle
382,1843,113500,99.0,Sawyer
383,1844,149900,99.0,
384,1845,165000,99.0,Sawyer
385,1846,148000,99.0,Sawyer
386,1847,165000,99.0,
387,1848,63900,99.0,
388,1849,122000,99.0,
389,1850,121500,99.0,Middle
390,1851,154400,99.0,Middle
391,1852,125000,99.0,Middle
392,1853,139500,99.0,Middle
393,1854,162000,99.0,Sawyer
394,1855,156500,99.0,Sawyer
395,1856,239900,99.0,Sawyer
396,1857,131000,99.0,Sawyer
397,1858,118964,99.0,Sawyer
398,1859,118964,99.0,Sawyer
399,1860,148325,99.0,Sawyer
400,1861,113722,99.0,Sawyer
401,1862,269500,99.0,
402,1863,269500,99.0,
403,1864,269500,99.0,
404,1865,323262,99.0,Edwards
405,1866,332000,99.0,Edwards
406,1867,239900,99.0,Edwards
407,1868,272500,99.0,Edwards
408,1869,200000,99.0,Edwards
409,1870,221800,99.0,Edwards
410,1871,237000,99.0,Edwards
411,1872,173000,99.0,Edwards
412,1873,233500,99.0,
413,1874,143000,99.0,Edwards
414,1875,207000,99.0,Edwards
415,1876,200000,99.0,Edwards
416,1877,203000,99.0,Edwards
417,1878,201000,99.0,Edwards
418,1879,140000,99.0,
419,1880,134900,99.0,Edwards
420,1881,250000,99.0,Edwards
421,1882,254750,99.0,
422,1883,198500,99.0,Edwards
423,1884,211000,99.0,
424,1885,220000,99.0,Edwards
425,1886,279500,99.0,
426,1887,210000,99.0,Edwards
427,1888,293200,99.0,Edwards
428,1889,170000,99.0,Edwards
429,1890,127000,99.0,Middle
430,1891,145500,99.0,Middle
431,1892,85000,99.0,Middle
432,1893,120000,99.0,Middle
433,1894,119900,99.0,Middle
434,1895,103500,99.0,Middle
435,1896,122000,99.0,Middle
436,1897,160000,99.0,Middle
437,1898,105000,99.0,High
438,1899,147500,99.0,High
439,1900,137000,99.0,High
440,1901,205000,99.0,High
441,1902,155000,99.0,High
442,1903,205000,99.0,
443,1904,144800,99.0,High
444,1905,193000,99.0,High
445,1906,158000,99.0,High
446,1907,224000,99.0,High
447,1908,115000,99.0,Middle
448,1909,137000,99.0,Middle
449,1910,121000,99.0,Middle
450,1911,208000,99.0,
451,1912,315000,99.0,
452,1913,123000,99.0,High
453,1914,75000,99.0,Meeker
454,1915,230000,99.0,Mitchell
455,1916,57625,99.0,Mitchell
456,1917,251000,99.0,Mitchell
457,1918,156450,99.0,Mitchell
458,1919,173000,99.0,Mitchell
459,1920,152000,99.0,Mitchell
460,1921,410000,99.0,Middle
461,1922,316500,99.0,Middle
462,1923,204000,99.0,
463,1924,213500,99.0,Middle
464,1925,170000,99.0,Middle
465,1926,425000,99.0,Middle
466,1927,139500,99.0,Mitchell
467,1928,160000,99.0,Mitchell
468,1929,131900,99.0,Mitchell
469,1930,131250,99.0,Mitchell
470,1931,149000,99.0,Mitchell
471,1932,130000,99.0,Mitchell
472,1933,173000,99.0,Mitchell
473,1934,187500,99.0,High
474,1935,165000,99.0,Fellows
475,1936,195500,99.0,Fellows
476,1937,173000,99.0,
477,1938,177900,99.0,Fellows
478,1939,247900,99.0,Northwood
479,1940,180000,99.0,Northwood
480,1941,183000,99.0,High
481,1942,185000,99.0,
482,1943,188500,99.0,Northwood
483,1944,355000,99.0,Northwood
484,1945,387000,99.0,Northwood
485,1946,115000,99.0,
486,1947,334000,99.0,Northwood
487,1948,133000,99.0,
488,1949,226500,99.0,High
489,1950,181900,99.0,
490,1951,235000,99.0,Fellows
491,1952,220000,99.0,Fellows
492,1953,161000,99.0,Fellows
493,1954,185000,99.0,Fellows
494,1955,146900,99.0,High
495,1956,292500,99.0,
496,1957,159900,99.0,High
497,1958,306000,99.0,
498,1959,133000,99.0,Northwood
499,1960,111900,99.0,Northwood
500,1961,123000,99.0,Fellows
501,1962,103400,99.0,Fellows
502,1963,100500,99.0,Northwood
503,1964,111750,99.0,Fellows
504,1965,143000,99.0,Northwood
505,1966,148500,99.0,Northwood
506,1967,317500,99.0,High
507,1968,417500,99.0,High
508,1969,383000,99.0,High
509,1970,390000,99.0,High
510,1971,460000,99.0,High
511,1972,379000,99.0,High
512,1973,250000,99.0,High
513,1974,316000,99.0,High
514,1975,615000,99.0,High
515,1976,284000,99.0,High
516,1977,421250,99.0,High
517,1978,370000,99.0,High
518,1979,336860,99.0,High
519,1980,192000,99.0,High
520,1981,370967,99.0,High
521,1982,234250,99.0,High
522,1983,219500,99.0,High
523,1984,155000,99.0,High
524,1985,195000,99.0,
525,1986,219990,99.0,
526,1987,187687,99.0,High
527,1988,179000,99.0,High
528,1989,188000,99.0,
529,1990,213000,99.0,
530,1991,217300,99.0,High
531,1992,226750,99.0,High
532,1993,176000,99.0,
533,1994,225000,99.0,High
534,1995,185900,99.0,High
535,1996,284500,99.0,High
536,1997,291000,99.0,
537,1998,350000,99.0,High
538,1999,279500,99.0,High
539,2000,290000,99.0,
540,2001,287500,99.0,High
541,2002,240000,99.0,High
542,2003,257000,99.0,High
543,2004,297900,99.0,High
544,2005,247000,99.0,High
545,2006,212700,99.0,High
546,2007,256000,99.0,High
547,2008,230348,99.0,High
548,2009,188000,99.0,Sawyer
549,2010,192500,99.0,Sawyer
550,2011,146000,99.0,Sawyer
551,2012,170000,99.0,Sawyer
552,2013,182000,99.0,Sawyer
553,2014,163000,99.0,Sawyer
554,2015,189000,99.0,Sawyer
555,2016,190500,99.0,Sawyer
556,2017,175000,99.0,Sawyer
557,2018,128000,99.0,Sawyer
558,2019,135000,99.0,Sawyer
559,2020,115000,99.0,Sawyer
560,2021,119916,99.0,Sawyer
561,2022,192000,99.0,Sawyer
562,2023,140000,99.0,Sawyer
563,2024,290000,99.0,
564,2025,372500,99.0,High
565,2026,178000,99.0,High
566,2027,165000,99.0,High
567,2028,146000,99.0,High
568,2029,172900,99.0,High
569,2030,300000,99.0,
570,2031,285000,99.0,
571,2032,290000,99.0,High
572,2033,305000,99.0,High
573,2034,170000,99.0,High
574,2035,223000,99.0,High
575,2036,170000,99.0,High
576,2037,200000,99.0,High
577,2038,345000,99.0,High
578,2039,217500,99.0,High
579,2040,150000,99.0,
580,2041,290000,99.0,Sawyer
581,2042,205000,99.0,
582,2043,183000,99.0,
583,2044,150000,99.0,High
584,2045,215000,99.0,
585,2046,140500,99.0,High
586,2047,141000,99.0,Fellows
587,2048,135000,99.0,Fellows
588,2049,145000,99.0,Fellows
589,2050,170000,99.0,
590,2051,98000,99.0,Fellows
591,2052,140000,99.0,Fellows
592,2053,153000,99.0,
593,2054,87000,99.0,Fellows
594,2055,141500,99.0,Fellows
595,2056,141500,99.0,Fellows
596,2057,112900,99.0,Meeker
597,2058,227000,99.0,Northwood
598,2059,136500,99.0,Meeker
599,2060,185000,99.0,Meeker
600,2061,166800,99.0,Meeker
601,2062,133000,99.0,Meeker
602,2063,116000,99.0,Meeker
603,2064,137500,99.0,Meeker
604,2065,130000,99.0,
605,2066,180000,99.0,Meeker
606,2067,100000,99.0,Meeker
607,2068,146000,99.0,Meeker
608,2069,89900,99.0,Meeker
609,2070,114000,99.0,Meeker
610,2071,86900,99.0,Meeker
611,2072,139000,99.0,Meeker
612,2073,139000,99.0,Meeker
613,2074,186000,99.0,Meeker
614,2075,148000,99.0,
615,2076,94000,99.0,Meeker
616,2077,159000,99.0,Meeker
617,2078,125900,99.0,Meeker
618,2079,138000,99.0,Meeker
619,2080,112500,99.0,Meeker
620,2081,127500,99.0,Meeker
621,2082,130000,99.0,Meeker
622,2083,150000,99.0,Meeker
623,2084,109500,99.0,Meeker
624,2085,136870,99.0,Meeker
625,2086,143000,99.0,Meeker
626,2087,122600,99.0,
627,2088,111000,99.0,Meeker
628,2089,64000,99.0,Meeker
629,2090,139500,99.0,Meeker
630,2091,118000,99.0,Meeker
631,2092,119164,99.0,Meeker
632,2093,122250,99.0,Meeker
633,2094,120000,99.0,Meeker
634,2095,155000,99.0,Meeker
635,2096,78000,99.0,Meeker
636,2097,95000,99.0,Meeker
637,2098,140000,99.0,Meeker
638,2099,46500,99.0,Meeker
639,2100,65000,99.0,Meeker
640,2101,139500,99.0,Meeker
641,2102,132000,99.0,Meeker
642,2103,114000,99.0,Meeker
643,2104,130000,99.0,Meeker
644,2105,129400,99.0,Meeker
645,2106,55000,99.0,Meeker
646,2107,184000,99.0,Meeker
647,2108,110000,99.0,Meeker
648,2109,115500,99.0,Meeker
649,2110,138000,99.0,Fellows
650,2111,108000,99.0,
651,2112,153000,99.0,
652,2113,124000,99.0,Fellows
653,2114,106900,99.0,Fellows
654,2115,164900,99.0,Fellows
655,2116,119000,99.0,Fellows
656,2117,157000,99.0,Meeker
657,2118,105000,99.0,Meeker
658,2119,113000,99.0,Meeker
659,2120,115000,99.0,Fellows
660,2121,79000,99.0,
661,2122,123000,99.0,Fellows
662,2123,81300,99.0,
663,2124,150000,99.0,Meeker
664,2125,123500,99.0,Meeker
665,2126,162500,99.0,Fellows
666,2127,160000,99.0,Meeker
667,2128,127500,99.0,Meeker
668,2129,93850,99.0,
669,2130,136000,99.0,High
670,2131,141000,99.0,High
671,2132,120000,99.0,
672,2133,127500,99.0,High
673,2134,127000,99.0,High
674,2135,85000,99.0,Fellows
675,2136,82375,99.0,Fellows
676,2137,124000,99.0,Sawyer
677,2138,148000,99.0,
678,2139,157500,99.0,Sawyer
679,2140,145000,99.0,Sawyer
680,2141,153000,99.0,
681,2142,120000,99.0,
682,2143,152000,99.0,
683,2144,95541,99.0,Sawyer
684,2145,144900,99.0,Sawyer
685,2146,185000,99.0,Sawyer
686,2147,145000,99.0,
687,2148,152400,99.0,Sawyer
688,2149,144000,99.0,
689,2150,245000,99.0,Sawyer
690,2151,125600,99.0,Sawyer
691,2152,260000,99.0,Sawyer
692,2153,159900,99.0,Middle
693,2154,99600,99.0,Middle
694,2155,134500,99.0,Middle
695,2156,260000,99.0,
696,2157,226500,99.0,Sawyer
697,2158,225000,99.0,
698,2159,229000,99.0,Sawyer
699,2160,177439,99.0,Edwards
700,2161,248500,99.0,Edwards
701,2162,475000,99.0,Sawyer
702,2163,395039,99.0,Sawyer
703,2164,225000,99.0,
704,2165,195000,99.0,
705,2166,155000,99.0,Edwards
706,2167,226001,99.0,
707,2168,215700,99.0,
708,2169,207500,99.0,Edwards
709,2170,235000,99.0,Edwards
710,2171,158000,99.0,
711,2172,143195,99.0,
712,2173,163000,99.0,Edwards
713,2174,230500,99.0,
714,2175,274000,99.0,
715,2176,300000,99.0,
716,2177,240000,99.0,Edwards
717,2178,207000,99.0,Edwards
718,2179,145000,99.0,
719,2180,185000,99.0,Edwards
720,2181,186500,99.0,Edwards
721,2182,218836,99.0,Edwards
722,2183,193000,99.0,Edwards
723,2184,123000,99.0,Edwards
724,2185,165000,99.0,Middle
725,2186,135000,99.0,Middle
726,2187,147000,99.0,
727,2188,160500,99.0,Middle
728,2189,284700,99.0,Middle
729,2190,82000,99.0,Middle
730,2191,82500,99.0,Middle
731,2192,91900,99.0,Middle
732,2193,120000,99.0,Middle
733,2194,96000,99.0,Middle
734,2195,99000,99.0,Middle
735,2196,100000,99.0,Middle
736,2197,108000,99.0,Middle
737,2198,168000,99.0,Middle
738,2199,161900,99.0,Middle
739,2200,145000,99.0,High
740,2201,147500,99.0,High
741,2202,231000,99.0,High
742,2203,138000,99.0,
743,2204,198000,99.0,
744,2205,110000,99.0,
745,2206,104000,99.0,High
746,2207,257076,99.0,High
747,2208,263400,99.0,High
748,2209,236500,99.0,High
749,2210,116500,99.0,Middle
750,2211,126000,99.0,High
751,2212,120000,99.0,High
752,2213,119000,99.0,High
753,2214,126000,99.0,High
754,2215,99500,99.0,High
755,2216,165500,99.0,High
756,2217,13100,99.0,High
757,2218,89000,99.0,Meeker
758,2219,80900,99.0,Meeker
759,2220,65000,99.0,Meeker
760,2221,294464,99.0,Mitchell
761,2222,250000,99.0,Mitchell
762,2223,300000,99.0,
763,2224,213000,99.0,
764,2225,100000,99.0,Mitchell
765,2226,228500,99.0,Mitchell
766,2227,241500,99.0,Middle
767,2228,294000,99.0,Middle
768,2229,264966,99.0,Middle
769,2230,172500,99.0,Middle
770,2231,218689,99.0,Middle
771,2232,150000,99.0,Middle
772,2233,180000,99.0,Middle
773,2234,232500,99.0,Middle
774,2235,195000,99.0,
775,2236,298751,99.0,Middle
776,2237,370000,99.0,Middle
777,2238,209200,99.0,Mitchell
778,2239,146000,99.0,Mitchell
779,2240,160500,99.0,Mitchell
780,2241,173000,99.0,Mitchell
781,2242,124000,99.0,
782,2243,129500,99.0,Mitchell
783,2244,105000,99.0,Mitchell
784,2245,94900,99.0,Mitchell
785,2246,152500,99.0,
786,2247,98000,99.0,Mitchell
787,2248,128500,99.0,Mitchell
788,2249,134500,99.0,Mitchell
789,2250,137500,99.0,Mitchell
790,2251,103000,99.0,
791,2252,167300,99.0,Northwood
792,2253,161500,99.0,Fellows
793,2254,160000,99.0,
794,2255,180000,99.0,
795,2256,178750,99.0,Fellows
796,2257,204000,99.0,High
797,2258,160000,99.0,
798,2259,168000,99.0,
799,2260,154204,99.0,Fellows
800,2261,182000,99.0,Northwood
801,2262,212000,99.0,Northwood
802,2263,349265,99.0,Northwood
803,2264,591587,99.0,Northwood
804,2265,155000,99.0,Northwood
805,2266,319900,99.0,Northwood
806,2267,441929,99.0,Northwood
807,2268,455000,99.0,Northwood
808,2269,174000,99.0,
809,2270,176000,99.0,High
810,2271,213000,99.0,High
811,2272,192000,99.0,Fellows
812,2273,151500,99.0,Fellows
813,2274,192350,99.0,Fellows
814,2275,170000,99.0,Fellows
815,2276,174000,99.0,Fellows
816,2277,178900,99.0,Fellows
817,2278,155000,99.0,Fellows
818,2279,133000,99.0,Northwood
819,2280,128000,99.0,
820,2281,155000,99.0,Northwood
821,2282,177000,99.0,Northwood
822,2283,113500,99.0,Fellows
823,2284,113700,99.0,Northwood
824,2285,142500,99.0,Northwood
825,2286,129250,99.0,Fellows
826,2287,356000,99.0,High
827,2288,322400,99.0,High
828,2289,345474,99.0,High
829,2290,492000,99.0,High
830,2291,338931,99.0,High
831,2292,450000,99.0,High
832,2293,479069,99.0,High
833,2294,418000,99.0,High
834,2295,500067,99.0,High
835,2296,260116,99.0,High
836,2297,319500,99.0,High
837,2298,372000,99.0,High
838,2299,342000,99.0,High
839,2300,350000,99.0,High
840,2301,281500,99.0,
841,2302,245700,99.0,High
842,2303,232698,99.0,High
843,2304,250000,99.0,High
844,2305,204000,99.0,High
845,2306,200000,99.0,High
846,2307,207000,99.0,High
847,2308,209500,99.0,High
848,2309,280000,99.0,High
849,2310,221370,99.0,High
850,2311,200000,99.0,High
851,2312,181755,99.0,High
852,2313,176000,99.0,High
853,2314,168165,99.0,High
854,2315,171925,99.0,High
855,2316,198444,99.0,High
856,2317,203000,99.0,High
857,2318,166000,99.0,High
858,2319,177594,99.0,High
859,2320,173500,99.0,High
860,2321,226500,99.0,
861,2322,185485,99.0,High
862,2323,188500,99.0,High
863,2324,175000,99.0,High
864,2325,206580,99.0,High
865,2326,165500,99.0,
866,2327,211000,99.0,High
867,2328,219500,99.0,
868,2329,187000,99.0,High
869,2330,185000,99.0,High
870,2331,384500,99.0,High
871,2332,410000,99.0,High
872,2333,322500,99.0,High
873,2334,252000,99.0,High
874,2335,263000,99.0,High
875,2336,330000,99.0,High
876,2337,213133,99.0,High
877,2338,260261,99.0,High
878,2339,215000,99.0,High
879,2340,419005,99.0,High
880,2341,235876,99.0,High
881,2342,260000,99.0,High
882,2343,249000,99.0,High
883,2344,250000,99.0,High
884,2345,221300,99.0,High
885,2346,208900,99.0,High
886,2347,210400,99.0,High
887,2348,255000,99.0,High
888,2349,212109,99.0,High
889,2350,310013,99.0,High
890,2351,261329,99.0,High
891,2352,253000,99.0,High
892,2353,265000,99.0,High
893,2354,146000,99.0,Sawyer
894,2355,147000,99.0,Sawyer
895,2356,149000,99.0,Sawyer
896,2357,181000,99.0,Sawyer
897,2358,191750,99.0,
898,2359,128000,99.0,Sawyer
899,2360,120750,99.0,Sawyer
900,2361,145000,99.0,Sawyer
901,2362,300000,99.0,
902,2363,129000,99.0,Sawyer
903,2364,147000,99.0,Sawyer
904,2365,214000,99.0,High
905,2366,166000,99.0,High
906,2367,193800,99.0,High
907,2368,194000,99.0,High
908,2369,207500,99.0,High
909,2370,176500,99.0,High
910,2371,177000,99.0,High
911,2372,204000,99.0,High
912,2373,301000,99.0,
913,2374,312500,99.0,High
914,2375,279700,99.0,High
915,2376,255000,99.0,High
916,2377,373000,99.0,Sawyer
917,2378,143450,99.0,High
918,2379,240050,99.0,High
919,2380,162500,99.0,
920,2381,164000,99.0,High
921,2382,185000,99.0,Fellows
922,2383,188500,99.0,High
923,2384,255000,99.0,High
924,2385,158500,99.0,Fellows
925,2386,127000,99.0,Fellows
926,2387,127000,99.0,Fellows
927,2388,103000,99.0,
928,2389,124000,99.0,Fellows
929,2390,140500,99.0,
930,2391,137500,99.0,Fellows
931,2392,117600,99.0,Fellows
932,2393,163500,99.0,Fellows
933,2394,161000,99.0,Fellows
934,2395,224500,99.0,Fellows
935,2396,147000,99.0,
936,2397,200000,99.0,
937,2398,138500,99.0,Fellows
938,2399,64500,99.0,Fellows
939,2400,64000,99.0,Fellows
940,2401,112000,99.0,Fellows
941,2402,144000,99.0,Fellows
942,2403,126000,99.0,Northwood
943,2404,175000,99.0,
944,2405,158500,99.0,Northwood
945,2406,141000,99.0,Meeker
946,2407,131000,99.0,Meeker
947,2408,142100,99.0,Northwood
948,2409,120000,99.0,Meeker
949,2410,174850,99.0,Meeker
950,2411,116000,99.0,Meeker
951,2412,130000,99.0,Meeker
952,2413,129500,99.0,Meeker
953,2414,142000,99.0,Meeker
954,2415,128600,99.0,Meeker
955,2416,125000,99.0,Meeker
956,2417,136000,99.0,Meeker
957,2418,127000,99.0,Meeker
958,2419,115000,99.0,Meeker
959,2420,116900,99.0,Meeker
960,2421,153000,99.0,Meeker
961,2422,112500,99.0,
962,2423,138000,99.0,Meeker
963,2424,156000,99.0,
964,2425,301600,99.0,Meeker
965,2426,128500,99.0,Meeker
966,2427,148000,99.0,Meeker
967,2428,172000,99.0,Meeker
968,2429,120000,99.0,Meeker
969,2430,128500,99.0,Meeker
970,2431,102000,99.0,Meeker
971,2432,152000,99.0,
972,2433,140000,99.0,Meeker
973,2434,152000,99.0,Meeker
974,2435,156500,99.0,Meeker
975,2436,99000,99.0,Meeker
976,2437,125500,99.0,Meeker
977,2438,130000,99.0,Meeker
978,2439,103000,99.0,Meeker
979,2440,127500,99.0,Meeker
980,2441,89500,99.0,Meeker
981,2442,99900,99.0,Meeker
982,2443,130000,99.0,Meeker
983,2444,135000,99.0,Meeker
984,2445,85000,99.0,Meeker
985,2446,137000,99.0,Meeker
986,2447,184900,99.0,
987,2448,145000,99.0,Meeker
988,2449,114000,99.0,Meeker
989,2450,144100,99.0,Meeker
990,2451,124500,99.0,Meeker
991,2452,185000,99.0,Meeker
992,2453,104500,99.0,Meeker
993,2454,110000,99.0,Meeker
994,2455,136500,99.0,Fellows
995,2456,128250,99.0,Fellows
996,2457,135000,99.0,Fellows
997,2458,128000,99.0,Fellows
998,2459,113000,99.0,Fellows
999,2460,126000,99.0,
1000,2461,132000,99.0,Fellows
1001,2462,131750,99.0,Fellows
1002,2463,132500,99.0,Meeker
1003,2464,200000,99.0,Meeker
1004,2465,165000,99.0,Fellows
1005,2466,90000,99.0,Fellows
1006,2467,140000,99.0,
1007,2468,113000,99.0,Meeker
1008,2469,117000,99.0,Meeker
1009,2470,202500,99.0,High
1010,2471,212300,99.0,High
1011,2472,161000,99.0,High
1012,2473,99500,99.0,High
1013,2474,50000,99.0,Fellows
1014,2475,219000,99.0,High
1015,2476,108500,99.0,Middle
1016,2477,130000,99.0,Sawyer
1017,2478,158450,99.0,Sawyer
1018,2479,115400,99.0,Sawyer
1019,2480,165000,99.0,Sawyer
1020,2481,123000,99.0,
1021,2482,119900,99.0,Sawyer
1022,2483,115000,99.0,Sawyer
1023,2484,134500,99.0,
1024,2485,129000,99.0,
1025,2486,187000,99.0,Sawyer
1026,2487,158000,99.0,Sawyer
1027,2488,165250,99.0,Sawyer
1028,2489,150000,99.0,Sawyer
1029,2490,137000,99.0,Sawyer
1030,2491,89500,99.0,
1031,2492,182000,99.0,
1032,2493,216000,99.0,
1033,2494,130000,99.0,
1034,2495,109900,99.0,Middle
1035,2496,255000,99.0,Sawyer
1036,2497,154000,99.0,Middle
1037,2498,118000,99.0,Middle
1038,2499,80000,99.0,
1039,2500,130000,99.0,Middle
1040,2501,125000,99.0,Middle
1041,2502,136500,99.0,Middle
1042,2503,96000,99.0,Middle
1043,2504,228500,99.0,Sawyer
1044,2505,220000,99.0,Sawyer
1045,2506,250000,99.0,Edwards
1046,2507,360000,99.0,Edwards
1047,2508,246500,99.0,Edwards
1048,2509,217000,99.0,Edwards
1049,2510,212999,99.0,Edwards
1050,2511,175900,99.0,Edwards
1051,2512,191000,99.0,Edwards
1052,2513,207000,99.0,
1053,2514,279000,99.0,Edwards
1054,2515,139500,99.0,
1055,2516,175000,99.0,Edwards
1056,2517,146000,99.0,Edwards
1057,2518,147900,99.0,Edwards
1058,2519,235500,99.0,Edwards
1059,2520,217000,99.0,Edwards
1060,2521,190550,99.0,Edwards
1061,2522,217500,99.0,
1062,2523,131000,99.0,Edwards
1063,2524,153500,99.0,Edwards
1064,2525,160000,99.0,Edwards
1065,2526,134900,99.0,Edwards
1066,2527,130000,99.0,Edwards
1067,2528,120000,99.0,Edwards
1068,2529,127000,99.0,Edwards
1069,2530,117000,99.0,Edwards
1070,2531,270000,99.0,
1071,2532,213000,99.0,Edwards
1072,2533,200000,99.0,Edwards
1073,2534,228000,99.0,Edwards
1074,2535,275000,99.0,
1075,2536,211000,99.0,
1076,2537,246900,99.0,Edwards
1077,2538,179400,99.0,Edwards
1078,2539,173500,99.0,Edwards
1079,2540,167840,99.0,Edwards
1080,2541,168675,99.0,Edwards
1081,2542,167000,99.0,Edwards
1082,2543,118500,99.0,Edwards
1083,2544,110000,99.0,Middle
1084,2545,122000,99.0,Middle
1085,2546,110000,99.0,Middle
1086,2547,133500,99.0,Middle
1087,2548,141000,99.0,
1088,2549,171500,99.0,Middle
1089,2550,183850,99.0,Middle
1090,2551,140000,99.0,Middle
1091,2552,131750,99.0,Middle
1092,2553,61500,99.0,Middle
1093,2554,98500,99.0,Middle
1094,2555,108500,99.0,Middle
1095,2556,125000,99.0,Middle
1096,2557,79275,99.0,Middle
1097,2558,150000,99.0,Middle
1098,2559,136500,99.0,High
1099,2560,146500,99.0,High
1100,2561,148500,99.0,High
1101,2562,141500,99.0,High
1102,2563,135000,99.0,High
1103,2564,238000,99.0,High
1104,2565,153500,99.0,High
1105,2566,188000,99.0,High
1106,2567,140000,99.0,High
1107,2568,201000,99.0,
1108,2569,215000,99.0,
1109,2570,123900,99.0,Middle
1110,2571,170000,99.0,
1111,2572,200000,99.0,Middle
1112,2573,198000,99.0,
1113,2574,315000,99.0,High
1114,2575,141000,99.0,High
1115,2576,129850,99.0,Meeker
1116,2577,150909,99.0,High
1117,2578,75200,99.0,High
1118,2579,68104,99.0,High
1119,2580,119600,99.0,Meeker
1120,2581,140000,99.0,Meeker
1121,2582,124900,99.0,Meeker
1122,2583,375000,99.0,Mitchell
1123,2584,183500,99.0,
1124,2585,215000,99.0,Mitchell
1125,2586,245000,99.0,Mitchell
1126,2587,210000,99.0,
1127,2588,148000,99.0,
1128,2589,143000,99.0,Mitchell
1129,2590,244000,99.0,Middle
1130,2591,257000,99.0,Middle
1131,2592,231713,99.0,Middle
1132,2593,267300,99.0,Middle
1133,2594,174000,99.0,Middle
1134,2595,180500,99.0,
1135,2596,282000,99.0,Middle
1136,2597,178000,99.0,
1137,2598,279900,99.0,
1138,2599,392000,99.0,Middle
1139,2600,130000,99.0,Mitchell
1140,2601,140000,99.0,Mitchell
1141,2602,85500,99.0,Mitchell
1142,2603,106500,99.0,
1143,2604,93900,99.0,Mitchell
1144,2605,75190,99.0,Mitchell
1145,2606,153500,99.0,Mitchell
1146,2607,188000,99.0,
1147,2608,196000,99.0,Mitchell
1148,2609,157000,99.0,Mitchell
1149,2610,138000,99.0,Mitchell
1150,2611,80000,99.0,Mitchell
1151,2612,135000,99.0,
1152,2613,139000,99.0,Mitchell
1153,2614,124500,99.0,Mitchell
1154,2615,149900,99.0,
1155,2616,157500,99.0,Northwood
1156,2617,169000,99.0,
1157,2618,252000,99.0,
1158,2619,192100,99.0,Northwood
1159,2620,183500,99.0,High
1160,2621,170000,99.0,
1161,2622,202000,99.0,Fellows
1162,2623,250000,99.0,Northwood
1163,2624,309000,99.0,Northwood
1164,2625,270000,99.0,Northwood
1165,2626,183500,99.0,
1166,2627,130000,99.0,Fellows
1167,2628,457347,99.0,Northwood
1168,2629,545224,99.0,Northwood
1169,2630,356383,99.0,Northwood
1170,2631,535000,99.0,Northwood
1171,2632,401179,99.0,Northwood
1172,2633,318000,99.0,Northwood
1173,2634,470000,99.0,Northwood
1174,2635,169000,99.0,
1175,2636,188900,99.0,Fellows
1176,2637,172000,99.0,
1177,2638,294323,99.0,High
1178,2639,184500,99.0,Fellows
1179,2640,155000,99.0,Fellows
1180,2641,97500,99.0,Northwood
1181,2642,190000,99.0,Northwood
1182,2643,105500,99.0,Fellows
1183,2644,125500,99.0,Fellows
1184,2645,116000,99.0,Northwood
1185,2646,89000,99.0,Fellows
1186,2647,108000,99.0,Fellows
1187,2648,146300,99.0,Fellows
1188,2649,145000,99.0,Fellows
1189,2650,137500,99.0,Northwood
1190,2651,144000,99.0,Northwood
1191,2652,412083,99.0,High
1192,2653,252000,99.0,High
1193,2654,293000,99.0,High
1194,2655,415000,99.0,High
1195,2656,300000,99.0,High
1196,2657,338500,99.0,High
1197,2658,344133,99.0,High
1198,2659,298236,99.0,High
1199,2660,329900,99.0,High
1200,2661,372397,99.0,High
1201,2662,378000,99.0,High
1202,2663,279000,99.0,
1203,2664,282500,99.0,High
1204,2665,332200,99.0,High
1205,2666,310090,99.0,High
1206,2667,170440,99.0,High
1207,2668,169985,99.0,High
1208,2669,174190,99.0,High
1209,2670,258000,99.0,High
1210,2671,185101,99.0,High
1211,2672,210250,99.0,High
1212,2673,246990,99.0,
1213,2674,225000,99.0,
1214,2675,156820,99.0,High
1215,2676,201490,99.0,High
1216,2677,215000,99.0,
1217,2678,287602,99.0,
1218,2679,286000,99.0,High
1219,2680,300000,99.0,High
1220,2681,405000,99.0,
1221,2682,350000,99.0,High
1222,2683,584500,99.0,High
1223,2684,321000,99.0,
1224,2685,315000,99.0,
1225,2686,252000,99.0,High
1226,2687,336820,99.0,High
1227,2688,199000,99.0,High
1228,2689,198600,99.0,High
1229,2690,405749,99.0,High
1230,2691,200825,99.0,High
1231,2692,139500,99.0,Sawyer
1232,2693,186800,99.0,Sawyer
1233,2694,132000,99.0,Sawyer
1234,2695,184000,99.0,Sawyer
1235,2696,184900,99.0,Sawyer
1236,2697,187000,99.0,Sawyer
1237,2698,248500,99.0,Sawyer
1238,2699,172000,99.0,Sawyer
1239,2700,151000,99.0,Sawyer
1240,2701,150000,99.0,
1241,2702,129500,99.0,Sawyer
1242,2703,119500,99.0,Sawyer
1243,2704,144000,99.0,
1244,2705,126000,99.0,
1245,2706,116000,99.0,Sawyer
1246,2707,133500,99.0,
1247,2708,120875,99.0,
1248,2709,124000,99.0,
1249,2710,129200,99.0,
1250,2711,260000,99.0,Sawyer
1251,2712,334000,99.0,High
1252,2713,176400,99.0,High
1253,2714,147400,99.0,High
1254,2715,166000,99.0,
1255,2716,139000,99.0,
1256,2717,200000,99.0,High
1257,2718,221000,99.0,High
1258,2719,146500,99.0,High
1259,2720,164500,99.0,Fellows
1260,2721,142000,99.0,Fellows
1261,2722,155000,99.0,Fellows
1262,2723,157500,99.0,Fellows
1263,2724,140000,99.0,Fellows
1264,2725,124400,99.0,
1265,2726,158000,99.0,Fellows
1266,2727,185900,99.0,Fellows
1267,2728,167000,99.0,
1268,2729,157500,99.0,Fellows
1269,2730,151500,99.0,Fellows
1270,2731,129800,99.0,Fellows
1271,2732,137000,99.0,Meeker
1272,2733,161000,99.0,Fellows
1273,2734,146500,99.0,Fellows
1274,2735,135000,99.0,Fellows
1275,2736,137000,99.0,Meeker
1276,2737,121000,99.0,Meeker
1277,2738,119000,99.0,
1278,2739,172000,99.0,
1279,2740,135000,99.0,Meeker
1280,2741,132000,99.0,Northwood
1281,2742,162000,99.0,
1282,2743,148000,99.0,Meeker
1283,2744,153000,99.0,Meeker
1284,2745,156000,99.0,Meeker
1285,2746,139500,99.0,Meeker
1286,2747,155000,99.0,Meeker
1287,2748,127000,99.0,Meeker
1288,2749,133500,99.0,Meeker
1289,2750,125000,99.0,Meeker
1290,2751,142000,99.0,Meeker
1291,2752,167000,99.0,Meeker
1292,2753,159000,99.0,Meeker
1293,2754,180000,99.0,Meeker
1294,2755,127000,99.0,Meeker
1295,2756,99800,99.0,Meeker
1296,2757,68000,99.0,Meeker
1297,2758,86900,99.0,Meeker
1298,2759,155500,99.0,Meeker
1299,2760,80000,99.0,Meeker
1300,2761,165000,99.0,Meeker
1301,2762,147000,99.0,Meeker
1302,2763,183000,99.0,Meeker
1303,2764,157500,99.0,Meeker
1304,2765,277500,99.0,
1305,2766,147500,99.0,Meeker
1306,2767,81400,99.0,Meeker
1307,2768,119000,99.0,Meeker
1308,2769,146000,99.0,Meeker
1309,2770,120000,99.0,Meeker
1310,2771,105000,99.0,Meeker
1311,2772,124000,99.0,Meeker
1312,2773,169000,99.0,Meeker
1313,2774,135000,99.0,Meeker
1314,2775,111500,99.0,Meeker
1315,2776,156500,99.0,Meeker
1316,2777,139900,99.0,Meeker
1317,2778,105000,99.0,Meeker
1318,2779,111500,99.0,Meeker
1319,2780,108000,99.0,Meeker
1320,2781,111500,99.0,Meeker
1321,2782,105000,99.0,Meeker
1322,2783,96900,99.0,Meeker
1323,2784,135500,99.0,Meeker
1324,2785,139000,99.0,Meeker
1325,2786,61500,99.0,Meeker
1326,2787,120000,99.0,Meeker
1327,2788,64000,99.0,Meeker
1328,2789,155000,99.0,Meeker
1329,2790,93500,99.0,Meeker
1330,2791,125000,99.0,Meeker
1331,2792,64500,99.0,Meeker
1332,2793,202500,99.0,Fellows
1333,2794,75000,99.0,Fellows
1334,2795,110000,99.0,Fellows
1335,2796,109000,99.0,Fellows
1336,2797,220000,99.0,Meeker
1337,2798,107000,99.0,High
1338,2799,116500,99.0,High
1339,2800,72000,99.0,High
1340,2801,90000,99.0,High
1341,2802,137500,99.0,Sawyer
1342,2803,150000,99.0,High
1343,2804,131000,99.0,Sawyer
1344,2805,125000,99.0,Sawyer
1345,2806,80000,99.0,Middle
1346,2807,157000,99.0,Middle
1347,2808,153600,99.0,
1348,2809,132000,99.0,Sawyer
1349,2810,142500,99.0,Sawyer
1350,2811,165000,99.0,
1351,2812,160500,99.0,
1352,2813,156500,99.0,
1353,2814,157000,99.0,Sawyer
1354,2815,105000,99.0,
1355,2816,278000,99.0,
1356,2817,164000,99.0,Sawyer
1357,2818,130000,99.0,Sawyer
1358,2819,148400,99.0,
1359,2820,146000,99.0,Sawyer
1360,2821,128000,99.0,Sawyer
1361,2822,235000,99.0,Sawyer
1362,2823,415000,99.0,Sawyer
1363,2824,182000,99.0,Middle
1364,2825,135000,99.0,Middle
1365,2826,137000,99.0,Middle
1366,2827,149900,99.0,Middle
1367,2828,209000,99.0,Sawyer
1368,2829,224500,99.0,Sawyer
1369,2830,229800,99.0,Edwards
1370,2831,183600,99.0,Edwards
1371,2832,233555,99.0,Edwards
1372,2833,294900,99.0,Edwards
1373,2834,209700,99.0,Edwards
1374,2835,225000,99.0,Edwards
1375,2836,181000,99.0,Edwards
1376,2837,158900,99.0,Sawyer
1377,2838,145000,99.0,Edwards
1378,2839,187000,99.0,Edwards
1379,2840,193000,99.0,
1380,2841,196000,99.0,Edwards
1381,2842,217000,99.0,Edwards
1382,2843,157500,99.0,Edwards
1383,2844,174000,99.0,Edwards
1384,2845,119900,99.0,Edwards
1385,2846,222000,99.0,
1386,2847,214000,99.0,Edwards
1387,2848,220000,99.0,
1388,2849,197000,99.0,Edwards
1389,2850,268500,99.0,Edwards
1390,2851,210900,99.0,
1391,2852,227000,99.0,Edwards
1392,2853,237000,99.0,Edwards
1393,2854,133000,99.0,Edwards
1394,2855,207000,99.0,Edwards
1395,2856,203160,99.0,Edwards
1396,2857,195800,99.0,Edwards
1397,2858,198000,99.0,Edwards
1398,2859,98000,99.0,Edwards
1399,2860,127500,99.0,Middle
1400,2861,119900,99.0,Middle
1401,2862,196500,99.0,Middle
1402,2863,117250,99.0,Middle
1403,2864,229000,99.0,Middle
1404,2865,142500,99.0,Middle
1405,2866,134000,99.0,Middle
1406,2867,97900,99.0,Middle
1407,2868,92000,99.0,Middle
1408,2869,107000,99.0,Middle
1409,2870,125000,99.0,Middle
1410,2871,83000,99.0,Middle
1411,2872,35000,99.0,Middle
1412,2873,121000,99.0,Middle
1413,2874,137000,99.0,Middle
1414,2875,128000,99.0,High
1415,2876,160000,99.0,High
1416,2877,149000,99.0,Middle
1417,2878,167000,99.0,Middle
1418,2879,131000,99.0,Middle
1419,2880,112000,99.0,Middle
1420,2881,195000,99.0,High
1421,2882,194000,99.0,High
1422,2883,218000,99.0,High
1423,2884,199500,99.0,High
1424,2885,210000,99.0,High
1425,2886,257000,99.0,High
1426,2887,102000,99.0,High
1427,2888,145400,99.0,High
1428,2889,72000,99.0,High
1429,2890,85000,99.0,High
1430,2891,139000,99.0,High
1431,2892,51689,99.0,Meeker
1432,2893,115000,99.0,Meeker
1433,2894,78000,99.0,Meeker
1434,2895,375000,99.0,Mitchell
1435,2896,300000,99.0,Mitchell
1436,2897,242500,99.0,Mitchell
1437,2898,145000,99.0,Mitchell
1438,2899,209000,99.0,Mitchell
1439,2900,148000,99.0,Mitchell
1440,2901,250764,99.0,
1441,2902,202000,99.0,
1442,2903,320000,99.0,Middle
1443,2904,359900,99.0,Middle
1444,2905,81500,99.0,Mitchell
1445,2906,215000,99.0,Mitchell
1446,2907,104500,99.0,Mitchell
1447,2908,126500,99.0,Mitchell
1448,2909,146500,99.0,
1449,2910,73000,99.0,Mitchell
1450,2911,79400,99.0,Mitchell
1451,2912,140000,99.0,Mitchell
1452,2913,87550,99.0,Mitchell
1453,2914,79500,99.0,Mitchell
1454,2915,90500,99.0,Mitchell
1455,2916,71000,99.0,Mitchell
1456,2917,131000,99.0,Mitchell
1457,2918,132000,99.0,Mitchell
1458,2919,188000,99.0,Mitchell
1459,1,208500,,Edwards
1460,2,181500,,High
1461,3,223500,,Edwards
1462,4,140000,,High
1463,5,250000,,High
1464,6,143000,,Mitchell
1465,7,307000,,High
1466,8,200000,,
1467,9,129900,,Meeker
1468,10,118000,,Fellows
1469,11,129500,,Sawyer
1470,12,345000,,High
1471,13,144000,,
1472,14,279500,,Edwards
1473,15,157000,,
1474,16,132000,,Meeker
1475,17,149000,,
1476,18,90000,,Sawyer
1477,19,159000,,Sawyer
1478,20,139000,,Meeker
1479,21,325300,,High
1480,22,139400,,High
1481,23,230000,,Edwards
1482,24,129900,,Mitchell
1483,25,154000,,
1484,26,256300,,High
1485,27,134800,,Meeker
1486,28,306000,,High
1487,29,207500,,Meeker
1488,30,68500,,Fellows
1489,31,40000,,Meeker
1490,32,149350,,
1491,33,179900,,Edwards
1492,34,165500,,Meeker
1493,35,277500,,High
1494,36,309000,,High
1495,37,145000,,Edwards
1496,38,153000,,Meeker
1497,39,109000,,Meeker
1498,40,82000,,Middle
1499,41,160000,,Meeker
1500,42,170000,,Middle
1501,43,144000,,
1502,44,130250,,
1503,45,141000,,Meeker
1504,46,319900,,High
1505,47,239686,,
1506,48,249700,,High
1507,49,113000,,Meeker
1508,50,127000,,Sawyer
1509,51,177000,,
1510,52,114500,,Fellows
1511,53,110000,,High
1512,54,385000,,Sawyer
1513,55,130000,,Meeker
1514,56,180500,,Fellows
1515,57,172500,,High
1516,58,196500,,Edwards
1517,59,438780,,Northwood
1518,60,124900,,Edwards
1519,61,158000,,Sawyer
1520,62,101000,,High
1521,63,202500,,High
1522,64,140000,,Fellows
1523,65,219500,,
1524,66,317000,,High
1525,67,180000,,
1526,68,226000,,Edwards
1527,69,80000,,Meeker
1528,70,225000,,Sawyer
1529,71,244000,,Northwood
1530,72,129500,,Mitchell
1531,73,185000,,High
1532,74,144900,,Meeker
1533,75,107400,,Meeker
1534,76,91000,,Mitchell
1535,77,135750,,
1536,78,127000,,Meeker
1537,79,136500,,Sawyer
1538,80,110000,,Meeker
1539,81,193500,,Northwood
1540,82,153500,,Mitchell
1541,83,245000,,High
1542,84,126500,,Fellows
1543,85,168500,,
1544,86,260000,,High
1545,87,174000,,High
1546,88,164500,,High
1547,89,85000,,Meeker
1548,90,123600,,Edwards
1549,91,109900,,Meeker
1550,92,98600,,Northwood
1551,93,163500,,High
1552,94,133900,,Meeker
1553,95,204750,,Edwards
1554,96,185000,,
1555,97,214000,,Edwards
1556,98,94750,,Middle
1557,99,83000,,Sawyer
1558,100,128950,,Fellows
1559,101,205000,,
1560,102,178000,,Sawyer
1561,103,118964,,Sawyer
1562,104,198900,,Edwards
1563,105,169500,,
1564,106,250000,,High
1565,107,100000,,Meeker
1566,108,115000,,Meeker
1567,109,115000,,High
1568,110,190000,,Fellows
1569,111,136900,,Middle
1570,112,180000,,
1571,113,383970,,Edwards
1572,114,217000,,
1573,115,259500,,High
1574,116,176000,,High
1575,117,139000,,
1576,118,155000,,Middle
1577,119,320000,,Sawyer
1578,120,163990,,Edwards
1579,121,180000,,
1580,122,100000,,High
1581,123,136000,,Meeker
1582,124,153900,,Sawyer
1583,125,181000,,Fellows
1584,126,84500,,High
1585,127,128000,,
1586,128,87000,,Meeker
1587,129,155000,,Meeker
1588,130,150000,,Fellows
1589,131,226000,,Northwood
1590,132,244000,,
1591,133,150750,,Fellows
1592,134,220000,,
1593,135,180000,,Sawyer
1594,136,174000,,High
1595,137,143000,,
1596,138,171000,,Mitchell
1597,139,230000,,Edwards
1598,140,231500,,Edwards
1599,141,115000,,Northwood
1600,142,260000,,Edwards
1601,143,166000,,Meeker
1602,144,204000,,Edwards
1603,145,125000,,Sawyer
1604,146,130000,,Middle
1605,147,105000,,Fellows
1606,148,222500,,
1607,149,141000,,Sawyer
1608,150,115000,,
1609,151,122000,,Edwards
1610,152,372402,,High
1611,153,190000,,
1612,154,235000,,
1613,155,125000,,Meeker
1614,156,79000,,Middle
1615,157,109500,,Meeker
1616,158,269500,,Middle
1617,159,254900,,High
1618,160,320000,,Northwood
1619,161,162500,,
1620,162,412500,,High
1621,163,220000,,High
1622,164,103200,,Meeker
1623,165,152000,,Meeker
1624,166,127500,,Middle
1625,167,190000,,
1626,168,325624,,High
1627,169,183500,,High
1628,170,228000,,
1629,171,128500,,
1630,172,215000,,Northwood
1631,173,239000,,Northwood
1632,174,163000,,Northwood
1633,175,184000,,Middle
1634,176,243000,,Sawyer
1635,177,211000,,Sawyer
1636,178,172500,,
1637,179,501837,,Northwood
1638,180,100000,,Meeker
1639,181,177000,,
1640,182,200100,,High
1641,183,120000,,Middle
1642,184,200000,,Meeker
1643,185,127000,,Fellows
1644,186,475000,,Meeker
1645,187,173000,,
1646,188,135000,,Meeker
1647,189,153337,,Sawyer
1648,190,286000,,Northwood
1649,191,315000,,High
1650,192,184000,,
1651,193,192000,,Edwards
1652,194,130000,,Middle
1653,195,127000,,Edwards
1654,196,148500,,Northwood
1655,197,311872,,High
1656,198,235000,,Meeker
1657,199,104000,,Meeker
1658,200,274900,,High
1659,201,140000,,Middle
1660,202,171500,,Mitchell
1661,203,112000,,Meeker
1662,204,149000,,
1663,205,110000,,Meeker
1664,206,180500,,Fellows
1665,207,143900,,Sawyer
1666,208,141000,,
1667,209,277000,,
1668,210,145000,,Fellows
1669,211,98000,,Middle
1670,212,186000,,Middle
1671,213,252678,,High
1672,214,156000,,Edwards
1673,215,161750,,
1674,216,134450,,Meeker
1675,217,210000,,Edwards
1676,218,107000,,Meeker
1677,219,311500,,
1678,220,167240,,High
1679,221,204900,,Edwards
1680,222,200000,,
1681,223,179900,,High
1682,224,97000,,Northwood
1683,225,386250,,High
1684,226,112000,,Fellows
1685,227,290000,,High
1686,228,106000,,Fellows
1687,229,125000,,Sawyer
1688,230,192500,,High
1689,231,148000,,Meeker
1690,232,403000,,High
1691,233,94500,,Fellows
1692,234,128200,,Edwards
1693,235,216500,,
1694,236,89500,,Northwood
1695,237,185500,,Edwards
1696,238,194500,,
1697,239,318000,,High
1698,240,113000,,Middle
1699,241,262500,,High
1700,242,110500,,Meeker
1701,243,79000,,Meeker
1702,244,120000,,Sawyer
1703,245,205000,,
1704,246,241500,,Fellows
1705,247,137000,,Meeker
1706,248,140000,,Meeker
1707,249,180000,,Edwards
1708,250,277000,,
1709,251,76500,,Fellows
1710,252,235000,,Mitchell
1711,253,173000,,Sawyer
1712,254,158000,,Fellows
1713,255,145000,,Northwood
1714,256,230000,,High
1715,257,207500,,High
1716,258,220000,,Edwards
1717,259,231500,,Edwards
1718,260,97000,,Meeker
1719,261,176000,,
1720,262,276000,,Edwards
1721,263,151000,,Sawyer
1722,264,130000,,Meeker
1723,265,73000,,Meeker
1724,266,175500,,High
1725,267,185000,,Fellows
1726,268,179500,,Middle
1727,269,120500,,High
1728,270,148000,,
1729,271,266000,,High
1730,272,241500,,Sawyer
1731,273,290000,,High
1732,274,139000,,Meeker
1733,275,124500,,Mitchell
1734,276,205000,,Fellows
1735,277,201000,,Mitchell
1736,278,141000,,Northwood
1737,279,415298,,High
1738,280,192000,,Sawyer
1739,281,228500,,Sawyer
1740,282,185000,,High
1741,283,207500,,High
1742,284,244600,,High
1743,285,179200,,Sawyer
1744,286,164700,,High
1745,287,159000,,Meeker
1746,288,88000,,
1747,289,122000,,
1748,290,153575,,Fellows
1749,291,233230,,Edwards
1750,292,135900,,Middle
1751,293,131000,,Middle
1752,294,235000,,
1753,295,167000,,Fellows
1754,296,142500,,Mitchell
1755,297,152000,,High
1756,298,239000,,High
1757,299,175000,,High
1758,300,158500,,High
1759,301,157000,,High
1760,302,267000,,Edwards
1761,303,205000,,Edwards
1762,304,149900,,Edwards
1763,305,295000,,Meeker
1764,306,305900,,Edwards
1765,307,225000,,Sawyer
1766,308,89500,,
1767,309,82500,,
1768,310,360000,,High
1769,311,165600,,
1770,312,132000,,Meeker
1771,313,119900,,Meeker
1772,314,375000,,Middle
1773,315,178000,,Meeker
1774,316,188500,,High
1775,317,260000,,High
1776,318,270000,,High
1777,319,260000,,High
1778,320,187500,,
1779,321,342643,,High
1780,322,354000,,High
1781,323,301000,,Sawyer
1782,324,126175,,Meeker
1783,325,242000,,Meeker
1784,326,87000,,Meeker
1785,327,324000,,High
1786,328,145250,,Meeker
1787,329,214500,,
1788,330,78000,,High
1789,331,119000,,
1790,332,139000,,Meeker
1791,333,284000,,High
1792,334,207000,,High
1793,335,192000,,Fellows
1794,336,228950,,
1795,337,377426,,Northwood
1796,338,214000,,Edwards
1797,339,202500,,High
1798,340,155000,,Meeker
1799,341,202900,,Middle
1800,342,82000,,Sawyer
1801,343,87500,,
1802,344,266000,,High
1803,345,85000,,Mitchell
1804,346,140200,,Fellows
1805,347,151500,,
1806,348,157500,,
1807,349,154000,,High
1808,350,437154,,High
1809,351,318061,,High
1810,352,190000,,
1811,353,95000,,Middle
1812,354,105900,,Meeker
1813,355,140000,,Middle
1814,356,177500,,Edwards
1815,357,173000,,
1816,358,134000,,Mitchell
1817,359,130000,,Sawyer
1818,360,280000,,High
1819,361,156000,,
1820,362,145000,,
1821,363,198500,,Middle
1822,364,118000,,Fellows
1823,365,190000,,
1824,366,147000,,High
1825,367,159000,,
1826,368,165000,,Northwood
1827,369,132000,,Meeker
1828,370,162000,,
1829,371,172400,,
1830,372,134432,,Sawyer
1831,373,125000,,Sawyer
1832,374,123000,,Meeker
1833,375,219500,,Edwards
1834,376,61000,,
1835,377,148000,,Edwards
1836,378,340000,,High
1837,379,394432,,Northwood
1838,380,179000,,High
1839,381,127000,,Middle
1840,382,187750,,High
1841,383,213500,,Edwards
1842,384,76000,,Sawyer
1843,385,240000,,
1844,386,192000,,High
1845,387,81000,,Middle
1846,388,125000,,Middle
1847,389,191000,,Edwards
1848,390,426000,,High
1849,391,119000,,Middle
1850,392,215000,,Mitchell
1851,393,106500,,
1852,394,100000,,
1853,395,109000,,Meeker
1854,396,129000,,Middle
1855,397,123000,,Edwards
1856,398,169500,,Meeker
1857,399,67000,,High
1858,400,241000,,High
1859,401,245500,,High
1860,402,164990,,Edwards
1861,403,108000,,Sawyer
1862,404,258000,,High
1863,405,168000,,
1864,406,150000,,
1865,407,115000,,Middle
1866,408,177000,,High
1867,409,280000,,High
1868,410,339750,,High
1869,411,60000,,Middle
1870,412,145000,,Northwood
1871,413,222000,,
1872,414,115000,,Meeker
1873,415,228000,,Sawyer
1874,416,181134,,High
1875,417,149500,,Sawyer
1876,418,239000,,High
1877,419,126000,,Middle
1878,420,142000,,Northwood
1879,421,206300,,Mitchell
1880,422,215000,,
1881,423,113000,,Mitchell
1882,424,315000,,High
1883,425,139000,,Meeker
1884,426,135000,,Meeker
1885,427,275000,,
1886,428,109008,,Fellows
1887,429,195400,,Edwards
1888,430,175000,,Middle
1889,431,85400,,Fellows
1890,432,79900,,Meeker
1891,433,122500,,Northwood
1892,434,181000,,High
1893,435,81000,,Mitchell
1894,436,212000,,Edwards
1895,437,116000,,Meeker
1896,438,119000,,Fellows
1897,439,90350,,High
1898,440,110000,,Middle
1899,441,555000,,High
1900,442,118000,,Middle
1901,443,162900,,Fellows
1902,444,172500,,High
1903,445,210000,,Edwards
1904,446,127500,,Middle
1905,447,190000,,Northwood
1906,448,199900,,
1907,449,119500,,High
1908,450,120000,,Meeker
1909,451,110000,,Meeker
1910,452,280000,,Edwards
1911,453,204000,,
1912,454,210000,,High
1913,455,188000,,Mitchell
1914,456,175500,,Fellows
1915,457,98000,,Meeker
1916,458,256000,,
1917,459,161000,,
1918,460,110000,,
1919,461,263435,,High
1920,462,155000,,High
1921,463,62383,,Sawyer
1922,464,188700,,High
1923,465,124000,,Edwards
1924,466,178740,,
1925,467,167000,,Northwood
1926,468,146500,,Meeker
1927,469,250000,,High
1928,470,187000,,Sawyer
1929,471,212000,,
1930,472,190000,,Fellows
1931,473,148000,,Middle
1932,474,440000,,High
1933,475,251000,,Northwood
1934,476,132500,,Sawyer
1935,477,208900,,Edwards
1936,478,380000,,High
1937,479,297000,,Edwards
1938,480,89471,,Meeker
1939,481,326000,,High
1940,482,374000,,High
1941,483,155000,,Meeker
1942,484,164000,,Mitchell
1943,485,132500,,
1944,486,147000,,Fellows
1945,487,156000,,Fellows
1946,488,175000,,Fellows
1947,489,160000,,Meeker
1948,490,86000,,Mitchell
1949,491,115000,,
1950,492,133000,,Meeker
1951,493,172785,,High
1952,494,155000,,Meeker
1953,495,91300,,Meeker
1954,496,34900,,Meeker
1955,497,430000,,
1956,498,184000,,Fellows
1957,499,130000,,Sawyer
1958,500,120000,,Fellows
1959,501,113000,,Fellows
1960,502,226700,,High
1961,503,140000,,Edwards
1962,504,289000,,Middle
1963,505,147000,,Northwood
1964,506,124500,,Meeker
1965,507,215000,,Sawyer
1966,508,208300,,High
1967,509,161000,,Meeker
1968,510,124500,,Fellows
1969,511,164900,,Meeker
1970,512,202665,,High
1971,513,129900,,Fellows
1972,514,134000,,Mitchell
1973,515,96500,,High
1974,516,402861,,High
1975,517,158000,,
1976,518,265000,,High
1977,519,211000,,
1978,520,234000,,High
1979,521,106250,,Meeker
1980,522,150000,,Meeker
1981,523,159000,,Fellows
1982,524,184750,,Middle
1983,525,315750,,High
1984,526,176000,,High
1985,527,132000,,Meeker
1986,528,446261,,High
1987,529,86000,,Middle
1988,530,200624,,
1989,531,175000,,Middle
1990,532,128000,,Fellows
1991,533,107500,,Meeker
1992,534,39300,,Fellows
1993,535,178000,,High
1994,536,107500,,Middle
1995,537,188000,,Edwards
1996,538,111250,,
1997,539,158000,,
1998,540,272000,,
1999,541,315000,,Middle
2000,542,248000,,
2001,543,213250,,High
2002,544,133000,,Northwood
2003,545,179665,,High
2004,546,229000,,
2005,547,210000,,Fellows
2006,548,129500,,Mitchell
2007,549,125000,,Fellows
2008,550,263000,,High
2009,551,140000,,Fellows
2010,552,112500,,Meeker
2011,553,255500,,High
2012,554,108000,,Edwards
2013,555,284000,,High
2014,556,113000,,Meeker
2015,557,141000,,Meeker
2016,558,108000,,Meeker
2017,559,175000,,Fellows
2018,560,234000,,
2019,561,121500,,
2020,562,170000,,Mitchell
2021,563,108000,,Middle
2022,564,185000,,Sawyer
2023,565,268000,,
2024,566,128000,,Middle
2025,567,325000,,Northwood
2026,568,214000,,High
2027,569,316600,,Sawyer
2028,570,135960,,
2029,571,142600,,Fellows
2030,572,120000,,Meeker
2031,573,224500,,Middle
2032,574,170000,,High
2033,575,139000,,Northwood
2034,576,118500,,Meeker
2035,577,145000,,Middle
2036,578,164500,,Sawyer
2037,579,146000,,High
2038,580,131500,,Meeker
2039,581,181900,,
2040,582,253293,,High
2041,583,118500,,Middle
2042,584,325000,,
2043,585,133000,,Fellows
2044,586,369900,,Middle
2045,587,130000,,Fellows
2046,588,137000,,Sawyer
2047,589,143000,,Sawyer
2048,590,79500,,Fellows
2049,591,185900,,Edwards
2050,592,451950,,High
2051,593,138000,,Mitchell
2052,594,140000,,
2053,595,110000,,Edwards
2054,596,319000,,Northwood
2055,597,114504,,Meeker
2056,598,194201,,High
2057,599,217500,,Middle
2058,600,151000,,Middle
2059,601,275000,,High
2060,602,141000,,High
2061,603,220000,,Sawyer
2062,604,151000,,High
2063,605,221000,,Edwards
2064,606,205000,,Northwood
2065,607,152000,,Edwards
2066,608,225000,,Middle
2067,609,359100,,High
2068,610,118500,,Sawyer
2069,611,313000,,
2070,612,148000,,
2071,613,261500,,
2072,614,147000,,Mitchell
2073,615,75500,,Mitchell
2074,616,137500,,Fellows
2075,617,183200,,
2076,618,105500,,Meeker
2077,619,314813,,High
2078,620,305000,,Middle
2079,621,67000,,Middle
2080,622,240000,,Fellows
2081,623,135000,,Sawyer
2082,624,168500,,
2083,625,165150,,Fellows
2084,626,160000,,Meeker
2085,627,139900,,
2086,628,153000,,Fellows
2087,629,135000,,Meeker
2088,630,168500,,Fellows
2089,631,124000,,Meeker
2090,632,209500,,High
2091,633,82500,,Fellows
2092,634,139400,,Meeker
2093,635,144000,,Meeker
2094,636,200000,,Middle
2095,637,60000,,Fellows
2096,638,93000,,Meeker
2097,639,85000,,Edwards
2098,640,264561,,High
2099,641,274000,,High
2100,642,226000,,
2101,643,345000,,Northwood
2102,644,152000,,High
2103,645,370878,,High
2104,646,143250,,
2105,647,98300,,Meeker
2106,648,155000,,Sawyer
2107,649,155000,,Meeker
2108,650,84500,,Mitchell
2109,651,205950,,High
2110,652,108000,,Middle
2111,653,191000,,Edwards
2112,654,135000,,Fellows
2113,655,350000,,High
2114,656,88000,,Northwood
2115,657,145500,,Fellows
2116,658,149000,,High
2117,659,97500,,Meeker
2118,660,167000,,Edwards
2119,661,197900,,
2120,662,402000,,High
2121,663,110000,,Meeker
2122,664,137500,,Middle
2123,665,423000,,High
2124,666,230500,,High
2125,667,129000,,
2126,668,193500,,Sawyer
2127,669,168000,,
2128,670,137500,,High
2129,671,173500,,Edwards
2130,672,103600,,Middle
2131,673,165000,,
2132,674,257500,,High
2133,675,140000,,Fellows
2134,676,148500,,Northwood
2135,677,87000,,Meeker
2136,678,109500,,Meeker
2137,679,372500,,Northwood
2138,680,128500,,
2139,681,143000,,Sawyer
2140,682,159434,,
2141,683,173000,,
2142,684,285000,,Edwards
2143,685,221000,,High
2144,686,207500,,
2145,687,227875,,High
2146,688,148800,,
2147,689,392000,,Northwood
2148,690,194700,,High
2149,691,141000,,
2150,692,755000,,High
2151,693,335000,,Middle
2152,694,108480,,Meeker
2153,695,141500,,Fellows
2154,696,176000,,Middle
2155,697,89000,,Fellows
2156,698,123500,,Middle
2157,699,138500,,Sawyer
2158,700,196000,,High
2159,701,312500,,Middle
2160,702,140000,,High
2161,703,361919,,Northwood
2162,704,140000,,Meeker
2163,705,213000,,Edwards
2164,706,55000,,High
2165,707,302000,,
2166,708,254000,,High
2167,709,179540,,High
2168,710,109900,,
2169,711,52000,,Fellows
2170,712,102776,,Meeker
2171,713,189000,,Northwood
2172,714,129000,,Fellows
2173,715,130500,,
2174,716,165000,,Fellows
2175,717,159500,,Meeker
2176,718,157000,,Fellows
2177,719,341000,,High
2178,720,128500,,Edwards
2179,721,275000,,
2180,722,143000,,
2181,723,124500,,Northwood
2182,724,135000,,Middle
2183,725,320000,,
2184,726,120500,,Northwood
2185,727,222000,,
2186,728,194500,,Edwards
2187,729,110000,,Fellows
2188,730,103000,,High
2189,731,236500,,Northwood
2190,732,187500,,Middle
2191,733,222500,,Edwards
2192,734,131400,,Sawyer
2193,735,108000,,
2194,736,163000,,Meeker
2195,737,93500,,Meeker
2196,738,239900,,Northwood
2197,739,179000,,Middle
2198,740,190000,,Edwards
2199,741,132000,,Meeker
2200,742,142000,,Sawyer
2201,743,179000,,Sawyer
2202,744,175000,,Sawyer
2203,745,180000,,Northwood
2204,746,299800,,
2205,747,236000,,
2206,748,265979,,Meeker
2207,749,260400,,High
2208,750,98000,,Middle
2209,751,96500,,Meeker
2210,752,162000,,
2211,753,217000,,Edwards
2212,754,275500,,High
2213,755,156000,,Northwood
2214,756,172500,,High
2215,757,212000,,Edwards
2216,758,158900,,
2217,759,179400,,High
2218,760,290000,,High
2219,761,127500,,Fellows
2220,762,100000,,Fellows
2221,763,215200,,High
2222,764,337000,,High
2223,765,270000,,High
2224,766,264132,,High
2225,767,196500,,High
2226,768,160000,,Mitchell
2227,769,216837,,Edwards
2228,770,538000,,Northwood
2229,771,134900,,
2230,772,102000,,Middle
2231,773,107000,,Middle
2232,774,114500,,Meeker
2233,775,395000,,High
2234,776,162000,,Mitchell
2235,777,221500,,Edwards
2236,778,142500,,Sawyer
2237,779,144000,,Sawyer
2238,780,135000,,Mitchell
2239,781,176000,,Fellows
2240,782,175900,,Sawyer
2241,783,187100,,Edwards
2242,784,165500,,
2243,785,128000,,Meeker
2244,786,161500,,
2245,787,139000,,Meeker
2246,788,233000,,Sawyer
2247,789,107900,,Meeker
2248,790,187500,,
2249,791,160200,,High
2250,792,146800,,
2251,793,269790,,High
2252,794,225000,,High
2253,795,194500,,
2254,796,171000,,Sawyer
2255,797,143500,,Sawyer
2256,798,110000,,Meeker
2257,799,485000,,High
2258,800,175000,,High
2259,801,200000,,Sawyer
2260,802,109900,,Fellows
2261,803,189000,,Edwards
2262,804,582933,,High
2263,805,118000,,Meeker
2264,806,227680,,High
2265,807,135500,,Fellows
2266,808,223500,,Fellows
2267,809,159950,,Meeker
2268,810,106000,,Meeker
2269,811,181000,,Fellows
2270,812,144500,,
2271,813,55993,,Meeker
2272,814,157900,,Meeker
2273,815,116000,,Middle
2274,816,224900,,Edwards
2275,817,137000,,
2276,818,271000,,
2277,819,155000,,Edwards
2278,820,224000,,High
2279,821,183000,,Edwards
2280,822,93000,,Meeker
2281,823,225000,,
2282,824,139500,,Middle
2283,825,232600,,High
2284,826,385000,,High
2285,827,109500,,Fellows
2286,828,189000,,Sawyer
2287,829,185000,,
2288,830,147400,,High
2289,831,166000,,Meeker
2290,832,151000,,High
2291,833,237000,,Edwards
2292,834,167000,,Fellows
2293,835,139950,,Northwood
2294,836,128000,,Sawyer
2295,837,153500,,Meeker
2296,838,100000,,Northwood
2297,839,144000,,Edwards
2298,840,130500,,Middle
2299,841,140000,,
2300,842,157500,,Meeker
2301,843,174900,,Fellows
2302,844,141000,,Meeker
2303,845,153900,,Meeker
2304,846,171000,,
2305,847,213000,,Sawyer
2306,848,133500,,Edwards
2307,849,240000,,Sawyer
2308,850,187000,,High
2309,851,131500,,Edwards
2310,852,215000,,
2311,853,164000,,High
2312,854,158000,,
2313,855,170000,,Sawyer
2314,856,127000,,
2315,857,147000,,
2316,858,174000,,Fellows
2317,859,152000,,Fellows
2318,860,250000,,
2319,861,189950,,High
2320,862,131500,,Sawyer
2321,863,152000,,Sawyer
2322,864,132500,,Meeker
2323,865,250580,,High
2324,866,148500,,
2325,867,248900,,Middle
2326,868,129000,,Sawyer
2327,869,169000,,
2328,870,236000,,Sawyer
2329,871,109500,,Meeker
2330,872,200500,,Edwards
2331,873,116000,,Meeker
2332,874,133000,,Meeker
2333,875,66500,,Meeker
2334,876,303477,,High
2335,877,132250,,Mitchell
2336,878,350000,,High
2337,879,148000,,Sawyer
2338,880,136500,,
2339,881,157000,,Middle
2340,882,187500,,Middle
2341,883,178000,,
2342,884,118500,,Middle
2343,885,100000,,Fellows
2344,886,328900,,High
2345,887,145000,,Fellows
2346,888,135500,,Middle
2347,889,268000,,Northwood
2348,890,149500,,Fellows
2349,891,122900,,Meeker
2350,892,172500,,Sawyer
2351,893,154500,,Sawyer
2352,894,165000,,
2353,895,118858,,Sawyer
2354,896,140000,,Meeker
2355,897,106500,,High
2356,898,142953,,Sawyer
2357,899,611657,,High
2358,900,135000,,Sawyer
2359,901,110000,,
2360,902,153000,,Meeker
2361,903,180000,,High
2362,904,240000,,Northwood
2363,905,125500,,
2364,906,128000,,Fellows
2365,907,255000,,High
2366,908,250000,,High
2367,909,131000,,
2368,910,174000,,High
2369,911,154300,,Northwood
2370,912,143500,,
2371,913,88000,,Fellows
2372,914,145000,,High
2373,915,173733,,High
2374,916,75000,,Mitchell
2375,917,35311,,Meeker
2376,918,135000,,
2377,919,238000,,Sawyer
2378,920,176500,,Northwood
2379,921,201000,,Sawyer
2380,922,145900,,Edwards
2381,923,169990,,High
2382,924,193000,,Sawyer
2383,925,207500,,Fellows
2384,926,175000,,
2385,927,285000,,High
2386,928,176000,,
2387,929,236500,,
2388,930,222000,,
2389,931,201000,,Middle
2390,932,117500,,Fellows
2391,933,320000,,High
2392,934,190000,,Edwards
2393,935,242000,,Meeker
2394,936,79900,,Fellows
2395,937,184900,,Sawyer
2396,938,253000,,High
2397,939,239799,,Edwards
2398,940,244400,,
2399,941,150900,,Mitchell
2400,942,214000,,
2401,943,150000,,Middle
2402,944,143000,,Mitchell
2403,945,137500,,
2404,946,124900,,Meeker
2405,947,143000,,Meeker
2406,948,270000,,Middle
2407,949,192500,,Edwards
2408,950,197500,,Fellows
2409,951,129000,,Meeker
2410,952,119900,,Sawyer
2411,953,133900,,Edwards
2412,954,172000,,
2413,955,127500,,Middle
2414,956,145000,,High
2415,957,124000,,Middle
2416,958,132000,,Sawyer
2417,959,185000,,Edwards
2418,960,155000,,High
2419,961,116500,,Fellows
2420,962,272000,,
2421,963,155000,,Northwood
2422,964,239000,,Edwards
2423,965,214900,,Middle
2424,966,178900,,High
2425,967,160000,,High
2426,968,135000,,
2427,969,37900,,Meeker
2428,970,140000,,Fellows
2429,971,135000,,Meeker
2430,972,173000,,High
2431,973,99500,,Sawyer
2432,974,182000,,High
2433,975,167500,,Fellows
2434,976,165000,,
2435,977,85500,,Fellows
2436,978,199900,,High
2437,979,110000,,Middle
2438,980,139000,,Sawyer
2439,981,178400,,
2440,982,336000,,High
2441,983,159895,,High
2442,984,255900,,
2443,985,126000,,Mitchell
2444,986,125000,,Middle
2445,987,117000,,Meeker
2446,988,395192,,High
2447,989,195000,,
2448,990,197000,,High
2449,991,348000,,High
2450,992,168000,,Meeker
2451,993,187000,,Meeker
2452,994,173900,,Edwards
2453,995,337500,,High
2454,996,121600,,Fellows
2455,997,136500,,
2456,998,185000,,
2457,999,91000,,High
2458,1000,206000,,Edwards
2459,1001,82000,,Middle
2460,1002,86000,,Meeker
2461,1003,232000,,High
2462,1004,136905,,
2463,1005,181000,,High
2464,1006,149900,,Edwards
2465,1007,163500,,
2466,1008,88000,,Mitchell
2467,1009,240000,,Mitchell
2468,1010,102000,,Middle
2469,1011,135000,,Sawyer
2470,1012,100000,,Edwards
2471,1013,165000,,High
2472,1014,85000,,Meeker
2473,1015,119200,,Meeker
2474,1016,227000,,Fellows
2475,1017,203000,,Edwards
2476,1018,187500,,
2477,1019,160000,,
2478,1020,213490,,High
2479,1021,176000,,Middle
2480,1022,194000,,Edwards
2481,1023,87000,,Meeker
2482,1024,191000,,High
2483,1025,287000,,
2484,1026,112500,,Edwards
2485,1027,167500,,Meeker
2486,1028,293077,,Middle
2487,1029,105000,,Meeker
2488,1030,118000,,Northwood
2489,1031,160000,,
2490,1032,197000,,Middle
2491,1033,310000,,
2492,1034,230000,,
2493,1035,119750,,Middle
2494,1036,84000,,
2495,1037,315500,,Middle
2496,1038,287000,,
2497,1039,97000,,Mitchell
2498,1040,80000,,Mitchell
2499,1041,155000,,Sawyer
2500,1042,173000,,
2501,1043,196000,,High
2502,1044,262280,,Sawyer
2503,1045,278000,,Fellows
2504,1046,139600,,
2505,1047,556581,,Northwood
2506,1048,145000,,Edwards
2507,1049,115000,,Mitchell
2508,1050,84900,,Middle
2509,1051,176485,,High
2510,1052,200141,,Edwards
2511,1053,165000,,Fellows
2512,1054,144500,,Middle
2513,1055,255000,,Edwards
2514,1056,180000,,Fellows
2515,1057,185850,,High
2516,1058,248000,,
2517,1059,335000,,High
2518,1060,220000,,
2519,1061,213500,,Northwood
2520,1062,81000,,Meeker
2521,1063,90000,,Meeker
2522,1064,110500,,Meeker
2523,1065,154000,,
2524,1066,328000,,Sawyer
2525,1067,178000,,Fellows
2526,1068,167900,,Meeker
2527,1069,151400,,Mitchell
2528,1070,135000,,Meeker
2529,1071,135000,,Meeker
2530,1072,154000,,High
2531,1073,91500,,Middle
2532,1074,159500,,Middle
2533,1075,194000,,Edwards
2534,1076,219500,,High
2535,1077,170000,,Meeker
2536,1078,138800,,
2537,1079,155900,,Edwards
2538,1080,126000,,Edwards
2539,1081,145000,,Fellows
2540,1082,133000,,Sawyer
2541,1083,192000,,Edwards
2542,1084,160000,,Fellows
2543,1085,187500,,
2544,1086,147000,,Sawyer
2545,1087,83500,,
2546,1088,252000,,High
2547,1089,137500,,Middle
2548,1090,197000,,High
2549,1091,92900,,Meeker
2550,1092,160000,,High
2551,1093,136500,,Middle
2552,1094,146000,,Fellows
2553,1095,129000,,Meeker
2554,1096,176432,,Edwards
2555,1097,127000,,High
2556,1098,170000,,
2557,1099,128000,,Fellows
2558,1100,157000,,High
2559,1101,60000,,Middle
2560,1102,119500,,Northwood
2561,1103,135000,,Meeker
2562,1104,159500,,Meeker
2563,1105,106000,,Fellows
2564,1106,325000,,High
2565,1107,179900,,Sawyer
2566,1108,274725,,Northwood
2567,1109,181000,,
2568,1110,280000,,High
2569,1111,188000,,
2570,1112,205000,,Fellows
2571,1113,129900,,Meeker
2572,1114,134500,,Meeker
2573,1115,117000,,Meeker
2574,1116,318000,,High
2575,1117,184100,,
2576,1118,130000,,Sawyer
2577,1119,140000,,Sawyer
2578,1120,133700,,Meeker
2579,1121,118400,,High
2580,1122,212900,,Edwards
2581,1123,112000,,
2582,1124,118000,,Middle
2583,1125,163900,,
2584,1126,115000,,Meeker
2585,1127,174000,,High
2586,1128,259000,,High
2587,1129,215000,,High
2588,1130,140000,,Meeker
2589,1131,135000,,Middle
2590,1132,93500,,Mitchell
2591,1133,117500,,Meeker
2592,1134,239500,,Sawyer
2593,1135,169000,,Fellows
2594,1136,102000,,Meeker
2595,1137,119000,,Fellows
2596,1138,94000,,Sawyer
2597,1139,196000,,
2598,1140,144000,,Fellows
2599,1141,139000,,Meeker
2600,1142,197500,,
2601,1143,424870,,Edwards
2602,1144,80000,,
2603,1145,80000,,Middle
2604,1146,149000,,Meeker
2605,1147,180000,,
2606,1148,174500,,High
2607,1149,116900,,
2608,1150,143000,,
2609,1151,124000,,Fellows
2610,1152,149900,,Middle
2611,1153,230000,,High
2612,1154,120500,,
2613,1155,201800,,
2614,1156,218000,,High
2615,1157,179900,,Fellows
2616,1158,230000,,High
2617,1159,235128,,High
2618,1160,185000,,Fellows
2619,1161,146000,,Northwood
2620,1162,224000,,
2621,1163,129000,,Sawyer
2622,1164,108959,,Sawyer
2623,1165,194000,,
2624,1166,233170,,High
2625,1167,245350,,Edwards
2626,1168,173000,,High
2627,1169,235000,,Sawyer
2628,1170,625000,,High
2629,1171,171000,,Mitchell
2630,1172,163000,,Meeker
2631,1173,171900,,High
2632,1174,200500,,Sawyer
2633,1175,239000,,High
2634,1176,285000,,High
2635,1177,119500,,Mitchell
2636,1178,115000,,
2637,1179,154900,,High
2638,1180,93000,,Middle
2639,1181,250000,,
2640,1182,392500,,Mitchell
2641,1183,745000,,High
2642,1184,120000,,Meeker
2643,1185,186700,,Middle
2644,1186,104900,,Middle
2645,1187,95000,,Meeker
2646,1188,262000,,High
2647,1189,195000,,Edwards
2648,1190,189000,,High
2649,1191,168000,,
2650,1192,174000,,High
2651,1193,125000,,Meeker
2652,1194,165000,,
2653,1195,158000,,Sawyer
2654,1196,176000,,High
2655,1197,219210,,High
2656,1198,144000,,Meeker
2657,1199,178000,,Edwards
2658,1200,148000,,Sawyer
2659,1201,116050,,Northwood
2660,1202,197900,,Edwards
2661,1203,117000,,Fellows
2662,1204,213000,,Edwards
2663,1205,153500,,Fellows
2664,1206,271900,,Sawyer
2665,1207,107000,,
2666,1208,200000,,Edwards
2667,1209,140000,,Northwood
2668,1210,290000,,High
2669,1211,189000,,Sawyer
2670,1212,164000,,Northwood
2671,1213,113000,,Middle
2672,1214,145000,,
2673,1215,134500,,Meeker
2674,1216,125000,,Sawyer
2675,1217,112000,,Sawyer
2676,1218,229456,,High
2677,1219,80500,,Fellows
2678,1220,91500,,Northwood
2679,1221,115000,,Meeker
2680,1222,134000,,Sawyer
2681,1223,143000,,Meeker
2682,1224,137900,,Fellows
2683,1225,184000,,High
2684,1226,145000,,Fellows
2685,1227,214000,,High
2686,1228,147000,,Fellows
2687,1229,367294,,High
2688,1230,127000,,Meeker
2689,1231,190000,,
2690,1232,132500,,Northwood
2691,1233,101800,,Fellows
2692,1234,142000,,
2693,1235,130000,,High
2694,1236,138887,,High
2695,1237,175500,,High
2696,1238,195000,,Edwards
2697,1239,142500,,Sawyer
2698,1240,265900,,Middle
2699,1241,224900,,Edwards
2700,1242,248328,,High
2701,1243,170000,,High
2702,1244,465000,,High
2703,1245,230000,,
2704,1246,178000,,High
2705,1247,186500,,High
2706,1248,169900,,
2707,1249,129500,,Meeker
2708,1250,119000,,Meeker
2709,1251,244000,,Northwood
2710,1252,171750,,
2711,1253,130000,,Mitchell
2712,1254,294000,,
2713,1255,165400,,Middle
2714,1256,127500,,Meeker
2715,1257,301500,,High
2716,1258,99900,,Middle
2717,1259,190000,,High
2718,1260,151000,,Northwood
2719,1261,181000,,
2720,1262,128900,,Fellows
2721,1263,161500,,
2722,1264,180500,,Fellows
2723,1265,181000,,Northwood
2724,1266,183900,,High
2725,1267,122000,,Meeker
2726,1268,378500,,Middle
2727,1269,381000,,
2728,1270,144000,,Northwood
2729,1271,260000,,
2730,1272,185750,,
2731,1273,137000,,
2732,1274,177000,,Sawyer
2733,1275,139000,,Middle
2734,1276,137000,,Meeker
2735,1277,162000,,
2736,1278,197900,,
2737,1279,237000,,Edwards
2738,1280,68400,,Meeker
2739,1281,227000,,Edwards
2740,1282,180000,,Middle
2741,1283,150500,,Edwards
2742,1284,139000,,Mitchell
2743,1285,169000,,High
2744,1286,132500,,Fellows
2745,1287,143000,,
2746,1288,190000,,
2747,1289,278000,,Northwood
2748,1290,281000,,High
2749,1291,180500,,
2750,1292,119500,,Fellows
2751,1293,107500,,Meeker
2752,1294,162900,,Fellows
2753,1295,115000,,Middle
2754,1296,138500,,Fellows
2755,1297,155000,,Fellows
2756,1298,140000,,Middle
2757,1299,160000,,Middle
2758,1300,154000,,Meeker
2759,1301,225000,,
2760,1302,177500,,
2761,1303,290000,,High
2762,1304,232000,,High
2763,1305,130000,,Middle
2764,1306,325000,,High
2765,1307,202500,,High
2766,1308,138000,,Edwards
2767,1309,147000,,Meeker
2768,1310,179200,,
2769,1311,335000,,High
2770,1312,203000,,Edwards
2771,1313,302000,,
2772,1314,333168,,High
2773,1315,119000,,Middle
2774,1316,206900,,Northwood
2775,1317,295493,,Edwards
2776,1318,208900,,High
2777,1319,275000,,
2778,1320,111000,,Middle
2779,1321,156500,,Meeker
2780,1322,72500,,
2781,1323,190000,,High
2782,1324,82500,,Fellows
2783,1325,147000,,High
2784,1326,55000,,High
2785,1327,79000,,Middle
2786,1328,130500,,Mitchell
2787,1329,256000,,Meeker
2788,1330,176500,,High
2789,1331,227000,,High
2790,1332,132500,,Edwards
2791,1333,100000,,Middle
2792,1334,125500,,Fellows
2793,1335,125000,,Fellows
2794,1336,167900,,High
2795,1337,135000,,Fellows
2796,1338,52500,,Meeker
2797,1339,200000,,Edwards
2798,1340,128500,,Edwards
2799,1341,123000,,Northwood
2800,1342,155000,,Sawyer
2801,1343,228500,,
2802,1344,177000,,Middle
2803,1345,155835,,Edwards
2804,1346,108500,,Meeker
2805,1347,262500,,
2806,1348,283463,,Middle
2807,1349,215000,,
2808,1350,122000,,Meeker
2809,1351,200000,,Meeker
2810,1352,171000,,Meeker
2811,1353,134900,,Fellows
2812,1354,410000,,High
2813,1355,235000,,
2814,1356,170000,,High
2815,1357,110000,,
2816,1358,149900,,
2817,1359,177500,,
2818,1360,315000,,High
2819,1361,189000,,High
2820,1362,260000,,Northwood
2821,1363,104900,,
2822,1364,156932,,High
2823,1365,144152,,High
2824,1366,216000,,
2825,1367,193000,,Edwards
2826,1368,127000,,Mitchell
2827,1369,144000,,
2828,1370,232000,,Edwards
2829,1371,105000,,Meeker
2830,1372,165500,,Fellows
2831,1373,274300,,Edwards
2832,1374,466500,,
2833,1375,250000,,High
2834,1376,239000,,Middle
2835,1377,91000,,Middle
2836,1378,117000,,Middle
2837,1379,83000,,Northwood
2838,1380,167500,,Middle
2839,1381,58500,,Middle
2840,1382,237500,,
2841,1383,157000,,Meeker
2842,1384,112000,,
2843,1385,105000,,Middle
2844,1386,125500,,High
2845,1387,250000,,High
2846,1388,136000,,Meeker
2847,1389,377500,,Northwood
2848,1390,131000,,Meeker
2849,1391,235000,,Edwards
2850,1392,124000,,Northwood
2851,1393,123000,,Fellows
2852,1394,163000,,Meeker
2853,1395,246578,,High
2854,1396,281213,,Middle
2855,1397,160000,,
2856,1398,137500,,Meeker
2857,1399,138000,,Meeker
2858,1400,137450,,Middle
2859,1401,120000,,Fellows
2860,1402,193000,,High
2861,1403,193879,,Edwards
2862,1404,282922,,High
2863,1405,105000,,Meeker
2864,1406,275000,,Mitchell
2865,1407,133000,,Edwards
2866,1408,112000,,
2867,1409,125500,,Meeker
2868,1410,215000,,High
2869,1411,230000,,Edwards
2870,1412,140000,,Fellows
2871,1413,90000,,Meeker
2872,1414,257000,,Sawyer
2873,1415,207000,,Fellows
2874,1416,175900,,High
2875,1417,122500,,Meeker
2876,1418,340000,,
2877,1419,124000,,Meeker
2878,1420,223000,,
2879,1421,179900,,High
2880,1422,127500,,Fellows
2881,1423,136500,,Edwards
2882,1424,274970,,
2883,1425,144000,,
2884,1426,142000,,Fellows
2885,1427,271000,,High
2886,1428,140000,,Meeker
2887,1429,119000,,Meeker
2888,1430,182900,,
2889,1431,192140,,High
2890,1432,143750,,
2891,1433,64500,,Meeker
2892,1434,186500,,High
2893,1435,160000,,Mitchell
2894,1436,174000,,Northwood
2895,1437,120500,,Northwood
2896,1438,394617,,High
2897,1439,149700,,Meeker
2898,1440,197000,,High
2899,1441,191000,,High
2900,1442,149300,,
2901,1443,310000,,High
2902,1444,121000,,
2903,1445,179600,,Edwards
2904,1446,129000,,Sawyer
2905,1447,157900,,
2906,1448,240000,,Edwards
2907,1449,112000,,Middle
2908,1450,92000,,Mitchell
2909,1451,136000,,Northwood
2910,1452,287090,,High
2911,1453,145000,,Middle
2912,1454,84500,,Mitchell
2913,1455,185000,,High
2914,1456,175000,,High
2915,1457,210000,,High
2916,1458,266500,,High
2917,1459,142125,,Fellows
2918,1460,147500,,Edwards
