Date,DJREI
12/30/1999,124.96
12/31/1999,125.77
1/3/2000,124.53
1/4/2000,122.94
1/5/2000,123.77
1/6/2000,126.05
1/7/2000,128.58
1/10/2000,130.27
1/11/2000,129.6
1/12/2000,128.8
1/13/2000,128.75
1/14/2000,128.32
1/17/2000,128.32
1/18/2000,129.21
1/19/2000,129.96
1/20/2000,129.66
1/21/2000,130.02
1/24/2000,128.47
1/25/2000,128.2
1/26/2000,128.11
1/27/2000,128.15
1/28/2000,127.52
1/31/2000,125.92
2/1/2000,126.65
2/2/2000,126.8
2/3/2000,127.42
2/4/2000,126.75
2/7/2000,126.8
2/8/2000,126.85
2/9/2000,126.6
2/10/2000,125.9
2/11/2000,124.32
2/14/2000,123.84
2/15/2000,124.17
2/16/2000,123.96
2/17/2000,124.86
2/18/2000,123.76
2/21/2000,123.76
2/22/2000,122.88
2/23/2000,122.83
2/24/2000,122.11
2/25/2000,122.48
2/28/2000,122.02
2/29/2000,123.54
3/1/2000,122.93
3/2/2000,122.9
3/3/2000,123.37
3/6/2000,123.46
3/7/2000,122.56
3/8/2000,122.86
3/9/2000,123.08
3/10/2000,123.62
3/13/2000,122.85
3/14/2000,123.47
3/15/2000,124.83
3/16/2000,126.8
3/17/2000,127.69
3/20/2000,127.38
3/21/2000,127.37
3/22/2000,127.72
3/23/2000,127.43
3/24/2000,128.09
3/27/2000,127.9
3/28/2000,127.5
3/29/2000,127.63
3/30/2000,127.96
3/31/2000,128.75
4/3/2000,128.33
4/4/2000,127.52
4/5/2000,128.17
4/6/2000,129.66
4/7/2000,130.88
4/10/2000,131.3
4/11/2000,131.72
4/12/2000,131.75
4/13/2000,132.12
4/14/2000,130.53
4/17/2000,130.19
4/18/2000,131.27
4/19/2000,131.23
4/20/2000,131.44
4/21/2000,131.44
4/24/2000,131.52
4/25/2000,131.84
4/26/2000,132.56
4/27/2000,132.82
4/28/2000,133.23
5/1/2000,135.85
5/2/2000,138.05
5/3/2000,136.89
5/4/2000,136.83
5/5/2000,137.34
5/8/2000,136.88
5/9/2000,137.21
5/10/2000,135.92
5/11/2000,136.99
5/12/2000,137.33
5/15/2000,137.9
5/16/2000,138.07
5/17/2000,137.48
5/18/2000,137.02
5/19/2000,136.6
5/22/2000,136.03
5/23/2000,135.84
5/24/2000,135.11
5/25/2000,133.92
5/26/2000,133.89
5/29/2000,133.89
5/30/2000,134.17
5/31/2000,134.34
6/1/2000,134.83
6/2/2000,135.87
6/5/2000,135.65
6/6/2000,135.86
6/7/2000,136.88
6/8/2000,137.33
6/9/2000,137.48
6/12/2000,137.94
6/13/2000,138.49
6/14/2000,140.86
6/15/2000,140.22
6/16/2000,139.57
6/19/2000,139.6
6/20/2000,140.97
6/21/2000,141.05
6/22/2000,140.18
6/23/2000,139.82
6/26/2000,139.67
6/27/2000,140.83
6/28/2000,140.57
6/29/2000,141.21
6/30/2000,136.64
7/3/2000,140.42
7/4/2000,140.42
7/5/2000,141.78
7/6/2000,143.06
7/7/2000,143.69
7/10/2000,143.58
7/11/2000,143.07
7/12/2000,142.71
7/13/2000,142.69
7/14/2000,142.4
7/17/2000,142.97
7/18/2000,142.5
7/19/2000,142.61
7/20/2000,144.93
7/21/2000,145.53
7/24/2000,146.01
7/25/2000,146.35
7/26/2000,148.33
7/27/2000,149.56
7/28/2000,149.12
7/31/2000,149.51
8/1/2000,152.55
8/2/2000,151.84
8/3/2000,150.27
8/4/2000,148.42
8/7/2000,147.88
8/8/2000,148.82
8/9/2000,149.17
8/10/2000,149.2
8/11/2000,149.81
8/14/2000,149.84
8/15/2000,148.86
8/16/2000,149.6
8/17/2000,149.9
8/18/2000,148.64
8/21/2000,147.96
8/22/2000,147.96
8/23/2000,146.52
8/24/2000,145.77
8/25/2000,145.76
8/28/2000,145.43
8/29/2000,144.22
8/30/2000,145.91
8/31/2000,145.13
9/1/2000,145.29
9/4/2000,145.29
9/5/2000,146.05
9/6/2000,146.41
9/7/2000,147.42
9/8/2000,149.74
9/11/2000,150.86
9/12/2000,151.05
9/13/2000,150.81
9/14/2000,150.8
9/15/2000,149.93
9/18/2000,146.77
9/19/2000,149.05
9/20/2000,148.4
9/21/2000,147.78
9/22/2000,148.73
9/25/2000,148.03
9/26/2000,148.67
9/27/2000,148.76
9/28/2000,149.83
9/29/2000,149.2
10/2/2000,146.05
10/3/2000,145.09
10/4/2000,143.71
10/5/2000,143.86
10/6/2000,143.45
10/9/2000,143.87
10/10/2000,143.61
10/11/2000,142.43
10/12/2000,140.33
10/13/2000,140.98
10/16/2000,142.25
10/17/2000,140.57
10/18/2000,139.69
10/19/2000,140.38
10/20/2000,140.42
10/23/2000,139.6
10/24/2000,138.82
10/25/2000,137.57
10/26/2000,138.27
10/27/2000,140.8
10/30/2000,140.37
10/31/2000,141.11
11/1/2000,140.56
11/2/2000,141.28
11/3/2000,141.01
11/6/2000,141.21
11/7/2000,141.24
11/8/2000,141.54
11/9/2000,140.68
11/10/2000,139.34
11/13/2000,139.4
11/14/2000,140.79
11/15/2000,140.99
11/16/2000,140.95
11/17/2000,141
11/20/2000,140.92
11/21/2000,140.86
11/22/2000,140.07
11/23/2000,140.07
11/24/2000,140.78
11/27/2000,140.83
11/28/2000,140.62
11/29/2000,141.16
11/30/2000,142.12
12/1/2000,142.49
12/4/2000,142.9
12/5/2000,146.28
12/6/2000,145.74
12/7/2000,145.17
12/8/2000,146.76
12/11/2000,148.31
12/12/2000,148.42
12/13/2000,147.88
12/14/2000,147.66
12/15/2000,148.18
12/18/2000,150.44
12/19/2000,150.57
12/20/2000,149.28
12/21/2000,149.46
12/22/2000,148.78
12/25/2000,148.78
12/26/2000,148.89
12/27/2000,151.25
12/28/2000,152.74
12/29/2000,150.64
1/1/2001,150.64
1/2/2001,149.19
1/3/2001,151.72
1/4/2001,151.01
1/5/2001,148.38
1/8/2001,148.7
1/9/2001,149.09
1/10/2001,149.16
1/11/2001,149.06
1/12/2001,148.84
1/15/2001,148.84
1/16/2001,149.1
1/17/2001,149.52
1/18/2001,149.53
1/19/2001,149.44
1/22/2001,149.72
1/23/2001,150.97
1/24/2001,151.12
1/25/2001,151.34
1/26/2001,151.27
1/29/2001,151.36
1/30/2001,151.97
1/31/2001,151.57
2/1/2001,151.2
2/2/2001,150.52
2/5/2001,150.36
2/6/2001,150.3
2/7/2001,149.69
2/8/2001,149.04
2/9/2001,147.84
2/12/2001,147.78
2/13/2001,147.42
2/14/2001,147.96
2/15/2001,148.61
2/16/2001,148.26
2/19/2001,148.26
2/20/2001,147.8
2/21/2001,146.48
2/22/2001,144.97
2/23/2001,145.54
2/26/2001,146.99
2/27/2001,147.72
2/28/2001,148.29
3/1/2001,149.51
3/2/2001,150.28
3/5/2001,149.97
3/6/2001,150.2
3/7/2001,150.73
3/8/2001,151.04
3/9/2001,150.19
3/12/2001,148.99
3/13/2001,148.94
3/14/2001,147.92
3/15/2001,147.41
3/16/2001,146.55
3/19/2001,148.1
3/20/2001,147.44
3/21/2001,145.99
3/22/2001,145.3
3/23/2001,145.78
3/26/2001,148.21
3/27/2001,148.16
3/28/2001,146.13
3/29/2001,146.75
3/30/2001,147.99
4/2/2001,148.62
4/3/2001,146.66
4/4/2001,146.53
4/5/2001,148.64
4/6/2001,146.43
4/9/2001,146.87
4/10/2001,147.55
4/11/2001,145.15
4/12/2001,145.4
4/13/2001,145.4
4/16/2001,145.06
4/17/2001,146.77
4/18/2001,148.65
4/19/2001,148.7
4/20/2001,148.01
4/23/2001,147.66
4/24/2001,147.48
4/25/2001,148.26
4/26/2001,150.24
4/27/2001,151.85
4/30/2001,151.46
5/1/2001,151.92
5/2/2001,151.03
5/3/2001,150.98
5/4/2001,150.78
5/7/2001,150.15
5/8/2001,149.85
5/9/2001,149.92
5/10/2001,149.88
5/11/2001,149.71
5/14/2001,149.86
5/15/2001,150.39
5/16/2001,151.31
5/17/2001,152.35
5/18/2001,152.99
5/21/2001,153.59
5/22/2001,154.62
5/23/2001,154.99
5/24/2001,155.83
5/25/2001,155.46
5/28/2001,155.46
5/29/2001,154.92
5/30/2001,153.53
5/31/2001,154.26
6/1/2001,154.7
6/4/2001,155.44
6/5/2001,156.42
6/6/2001,156.63
6/7/2001,156.95
6/8/2001,156.25
6/11/2001,157.85
6/12/2001,159.08
6/13/2001,159.33
6/14/2001,159.05
6/15/2001,158.78
6/18/2001,159.56
6/19/2001,159.18
6/20/2001,160.56
6/21/2001,161.04
6/22/2001,160.18
6/25/2001,159.87
6/26/2001,161.44
6/27/2001,160.44
6/28/2001,161.46
6/29/2001,162.43
7/2/2001,162.64
7/3/2001,162.31
7/4/2001,162.31
7/5/2001,162.07
7/6/2001,161.64
7/9/2001,159.46
7/10/2001,158.69
7/11/2001,157.96
7/12/2001,159.05
7/13/2001,159.83
7/16/2001,159.31
7/17/2001,160.33
7/18/2001,160.57
7/19/2001,160.56
7/20/2001,160.2
7/23/2001,159.37
7/24/2001,158.16
7/25/2001,158.4
7/26/2001,159.08
7/27/2001,158.65
7/30/2001,157.41
7/31/2001,157.92
8/1/2001,158.68
8/2/2001,159.47
8/3/2001,160.04
8/6/2001,160.33
8/7/2001,160.89
8/8/2001,161.04
8/9/2001,161.27
8/10/2001,162.61
8/13/2001,162.45
8/14/2001,163.28
8/15/2001,164.39
8/16/2001,164.63
8/17/2001,164.98
8/20/2001,165.91
8/21/2001,167.03
8/22/2001,166.96
8/23/2001,166.97
8/24/2001,165.65
8/27/2001,165.99
8/28/2001,165.03
8/29/2001,163.83
8/30/2001,162.32
8/31/2001,162.01
9/3/2001,162.01
9/4/2001,161.67
9/5/2001,161.25
9/6/2001,159.19
9/7/2001,157.74
9/10/2001,157.14
9/11/2001,157.14
9/12/2001,157.14
9/13/2001,157.14
9/14/2001,157.14
9/17/2001,151.25
9/18/2001,152.7
9/19/2001,150.94
9/20/2001,147.15
9/21/2001,144.73
9/24/2001,146.1
9/25/2001,148.12
9/26/2001,149.35
9/27/2001,150.36
9/28/2001,152.89
10/1/2001,152.59
10/2/2001,151.57
10/3/2001,148.92
10/4/2001,150.65
10/5/2001,149.97
10/8/2001,150.13
10/9/2001,150.71
10/10/2001,151.82
10/11/2001,153.44
10/12/2001,152.86
10/15/2001,153.87
10/16/2001,152.22
10/17/2001,151.26
10/18/2001,149.89
10/19/2001,148.73
10/22/2001,146.96
10/23/2001,146.76
10/24/2001,145.61
10/25/2001,145.94
10/26/2001,146.1
10/29/2001,146.47
10/30/2001,146.25
10/31/2001,147.19
11/1/2001,149.62
11/2/2001,147.69
11/5/2001,148.07
11/6/2001,150.25
11/7/2001,149.74
11/8/2001,150.43
11/9/2001,149.51
11/12/2001,150.06
11/13/2001,151.69
11/14/2001,152.31
11/15/2001,153.74
11/16/2001,153.72
11/19/2001,154.02
11/20/2001,153.17
11/21/2001,153.79
11/22/2001,153.79
11/23/2001,154.62
11/26/2001,154.26
11/27/2001,153.89
11/28/2001,154.28
11/29/2001,155.02
11/30/2001,155.06
12/3/2001,153.9
12/4/2001,156.09
12/5/2001,157.07
12/6/2001,157.78
12/7/2001,157.99
12/10/2001,156.79
12/11/2001,157.52
12/12/2001,155.96
12/13/2001,154.65
12/14/2001,155.61
12/17/2001,156.69
12/18/2001,156.9
12/19/2001,156.11
12/20/2001,155.44
12/21/2001,156.35
12/24/2001,156.93
12/25/2001,156.93
12/26/2001,157.27
12/27/2001,157.18
12/28/2001,157.65
12/31/2001,157.31
1/1/2002,157.31
1/2/2002,157.32
1/3/2002,158.58
1/4/2002,158.15
1/7/2002,157.6
1/8/2002,157.68
1/9/2002,157.29
1/10/2002,156.92
1/11/2002,156.84
1/14/2002,158.35
1/15/2002,157.83
1/16/2002,157.44
1/17/2002,157.85
1/18/2002,156.9
1/21/2002,156.9
1/22/2002,157.05
1/23/2002,157.01
1/24/2002,156.6
1/25/2002,156.5
1/28/2002,156.72
1/29/2002,156.07
1/30/2002,157.05
1/31/2002,156.91
2/1/2002,157.04
2/4/2002,157.47
2/5/2002,156.97
2/6/2002,156.28
2/7/2002,155.78
2/8/2002,156.15
2/11/2002,157.49
2/12/2002,156.61
2/13/2002,157.27
2/14/2002,157.51
2/15/2002,158.43
2/18/2002,158.43
2/19/2002,157.47
2/20/2002,158.82
2/21/2002,157.33
2/22/2002,159.41
2/25/2002,159.54
2/26/2002,159.71
2/27/2002,159.76
2/28/2002,159.35
3/1/2002,161.09
3/4/2002,163.01
3/5/2002,165.49
3/6/2002,166.35
3/7/2002,166.16
3/8/2002,166.12
3/11/2002,164.84
3/12/2002,164.57
3/13/2002,164.25
3/14/2002,166.2
3/15/2002,166.71
3/18/2002,166.92
3/19/2002,167.37
3/20/2002,166.86
3/21/2002,168.23
3/22/2002,168.15
3/25/2002,167.32
3/26/2002,167.85
3/27/2002,168.4
3/28/2002,167.81
3/29/2002,167.81
4/1/2002,168.25
4/2/2002,168.57
4/3/2002,168.07
4/4/2002,168.88
4/5/2002,170.18
4/8/2002,171.77
4/9/2002,173.26
4/10/2002,175.16
4/11/2002,174.25
4/12/2002,176.76
4/15/2002,174.77
4/16/2002,172.8
4/17/2002,170.36
4/18/2002,170.69
4/19/2002,169.47
4/22/2002,167.51
4/23/2002,165.37
4/24/2002,166.44
4/25/2002,167.06
4/26/2002,166.18
4/29/2002,166.27
4/30/2002,168.36
5/1/2002,169.81
5/2/2002,171.23
5/3/2002,171.16
5/6/2002,169.52
5/7/2002,168.99
5/8/2002,168.51
5/9/2002,166.45
5/10/2002,165.28
5/13/2002,165.78
5/14/2002,166.48
5/15/2002,167.52
5/16/2002,166.44
5/17/2002,167.22
5/20/2002,166.62
5/21/2002,165.35
5/22/2002,165.38
5/23/2002,168.4
5/24/2002,168.29
5/27/2002,168.29
5/28/2002,169.44
5/29/2002,170.94
5/30/2002,170.89
5/31/2002,170.3
6/3/2002,170.04
6/4/2002,170.76
6/5/2002,170.58
6/6/2002,169.82
6/7/2002,169.61
6/10/2002,170.26
6/11/2002,170.24
6/12/2002,170.39
6/13/2002,170.43
6/14/2002,169.98
6/17/2002,171.15
6/18/2002,170.1
6/19/2002,170.03
6/20/2002,170.92
6/21/2002,172.18
6/24/2002,171.48
6/25/2002,172.83
6/26/2002,170.98
6/27/2002,171.44
6/28/2002,172.76
7/1/2002,170.82
7/2/2002,168.65
7/3/2002,166.56
7/4/2002,166.56
7/5/2002,167.98
7/8/2002,166.05
7/9/2002,165.03
7/10/2002,162.57
7/11/2002,159.44
7/12/2002,158.7
7/15/2002,157.38
7/16/2002,159
7/17/2002,157.56
7/18/2002,153.93
7/19/2002,151.21
7/22/2002,148.05
7/23/2002,143.84
7/24/2002,144.77
7/25/2002,148.17
7/26/2002,153.38
7/29/2002,160.6
7/30/2002,162.6
7/31/2002,163.42
8/1/2002,160.34
8/2/2002,157.67
8/5/2002,155.03
8/6/2002,155.89
8/7/2002,158.51
8/8/2002,158.39
8/9/2002,156.44
8/12/2002,158.18
8/13/2002,155.82
8/14/2002,157.08
8/15/2002,157.62
8/16/2002,159.91
8/19/2002,158.63
8/20/2002,158.46
8/21/2002,159.88
8/22/2002,159.8
8/23/2002,160.1
8/26/2002,161.74
8/27/2002,161.58
8/28/2002,162.63
8/29/2002,162.15
8/30/2002,163.1
9/2/2002,163.1
9/3/2002,161.12
9/4/2002,161.85
9/5/2002,161.06
9/6/2002,161.87
9/9/2002,161.6
9/10/2002,161.42
9/11/2002,161.26
9/12/2002,160.3
9/13/2002,161.34
9/16/2002,160.53
9/17/2002,159.55
9/18/2002,158.87
9/19/2002,157.49
9/20/2002,158.78
9/23/2002,157.98
9/24/2002,156.57
9/25/2002,155.94
9/26/2002,157.28
9/27/2002,155.19
9/30/2002,154.65
10/1/2002,154.22
10/2/2002,151.96
10/3/2002,151.94
10/4/2002,149.23
10/7/2002,144.96
10/8/2002,143.25
10/9/2002,138.95
10/10/2002,142.77
10/11/2002,145.7
10/14/2002,143.58
10/15/2002,147.23
10/16/2002,145.77
10/17/2002,147.8
10/18/2002,147.25
10/21/2002,146.97
10/22/2002,144.49
10/23/2002,144.31
10/24/2002,146.01
10/25/2002,148.28
10/28/2002,147.4
10/29/2002,146.14
10/30/2002,146.38
10/31/2002,146.93
11/1/2002,148.18
11/4/2002,150.29
11/5/2002,150.77
11/6/2002,151.8
11/7/2002,150.72
11/8/2002,149.63
11/11/2002,148.45
11/12/2002,149.99
11/13/2002,148.19
11/14/2002,150.9
11/15/2002,150.7
11/18/2002,150.14
11/19/2002,150.23
11/20/2002,150.81
11/21/2002,151.47
11/22/2002,152.37
11/25/2002,152.25
11/26/2002,151.98
11/27/2002,153.45
11/28/2002,153.45
11/29/2002,153.17
12/2/2002,154.63
12/3/2002,153.69
12/4/2002,153.11
12/5/2002,153.07
12/6/2002,152.68
12/9/2002,153.48
12/10/2002,152.85
12/11/2002,152.35
12/12/2002,152.53
12/13/2002,151.8
12/16/2002,153.34
12/17/2002,151.84
12/18/2002,150.9
12/19/2002,150.56
12/20/2002,151.1
12/23/2002,152.08
12/24/2002,152.25
12/25/2002,152.25
12/26/2002,152.19
12/27/2002,151.68
12/30/2002,152.37
12/31/2002,152.66
1/1/2003,152.66
1/2/2003,153.31
1/3/2003,154.65
1/6/2003,156.36
1/7/2003,153.92
1/8/2003,152.47
1/9/2003,152.85
1/10/2003,151.43
1/13/2003,150.73
1/14/2003,150.98
1/15/2003,150.07
1/16/2003,148.75
1/17/2003,147.26
1/20/2003,147.26
1/21/2003,146.66
1/22/2003,146.59
1/23/2003,146.96
1/24/2003,145.37
1/27/2003,144.52
1/28/2003,145.01
1/29/2003,146.32
1/30/2003,145.16
1/31/2003,147.55
2/3/2003,146.83
2/4/2003,147.36
2/5/2003,147.34
2/6/2003,147.26
2/7/2003,146.01
2/10/2003,147.37
2/11/2003,145.83
2/12/2003,144.54
2/13/2003,144.69
2/14/2003,143.99
2/17/2003,143.99
2/18/2003,145.78
2/19/2003,146.74
2/20/2003,146.82
2/21/2003,148.22
2/24/2003,146.87
2/25/2003,148.44
2/26/2003,147.68
2/27/2003,148.76
2/28/2003,148.83
3/3/2003,149.12
3/4/2003,147.81
3/5/2003,148.21
3/6/2003,147.29
3/7/2003,147.38
3/10/2003,145.79
3/11/2003,145.51
3/12/2003,145.21
3/13/2003,146.78
3/14/2003,146.33
3/17/2003,149.38
3/18/2003,149.75
3/19/2003,151.31
3/20/2003,152.84
3/21/2003,155.31
3/24/2003,151.49
3/25/2003,153.13
3/26/2003,153.8
3/27/2003,152.39
3/28/2003,151.74
3/31/2003,150.61
4/1/2003,153.54
4/2/2003,154.96
4/3/2003,154.28
4/4/2003,153.1
4/7/2003,154.9
4/8/2003,153.99
4/9/2003,154.37
4/10/2003,153.73
4/11/2003,153.13
4/14/2003,155.2
4/15/2003,155.84
4/16/2003,156.35
4/17/2003,157.4
4/18/2003,157.4
4/21/2003,158.44
4/22/2003,160.02
4/23/2003,160.53
4/24/2003,158.85
4/25/2003,157.74
4/28/2003,157.57
4/29/2003,157.96
4/30/2003,156.57
5/1/2003,157.39
5/2/2003,158.99
5/5/2003,160.26
5/6/2003,161.8
5/7/2003,160.65
5/8/2003,161.65
5/9/2003,163.19
5/12/2003,164.03
5/13/2003,163.95
5/14/2003,163.05
5/15/2003,163.56
5/16/2003,164.42
5/19/2003,163.29
5/20/2003,164.61
5/21/2003,165.36
5/22/2003,166.85
5/23/2003,167.29
5/26/2003,167.29
5/27/2003,167.54
5/28/2003,165.16
5/29/2003,161.57
5/30/2003,165.07
6/2/2003,165.86
6/3/2003,166.65
6/4/2003,168.28
6/5/2003,168.39
6/6/2003,170.36
6/9/2003,168.8
6/10/2003,170.91
6/11/2003,172.31
6/12/2003,170.24
6/13/2003,168.06
6/16/2003,169.79
6/17/2003,168.32
6/18/2003,166.4
6/19/2003,166.11
6/20/2003,166.32
6/23/2003,164.41
6/24/2003,165.38
6/25/2003,166.33
6/26/2003,167.82
6/27/2003,167.86
6/30/2003,167.49
7/1/2003,168.78
7/2/2003,171.36
7/3/2003,172.05
7/4/2003,172.05
7/7/2003,173.82
7/8/2003,173.95
7/9/2003,173.07
7/10/2003,170.4
7/11/2003,172.15
7/14/2003,173.41
7/15/2003,173.4
7/16/2003,173.24
7/17/2003,170.84
7/18/2003,172.04
7/21/2003,171.29
7/22/2003,172.41
7/23/2003,171.34
7/24/2003,172.67
7/25/2003,173.6
7/28/2003,172.75
7/29/2003,174.02
7/30/2003,176.3
7/31/2003,175.87
8/1/2003,174.68
8/4/2003,173.64
8/5/2003,173.12
8/6/2003,173.27
8/7/2003,174.03
8/8/2003,173.78
8/11/2003,173.91
8/12/2003,173.84
8/13/2003,172.51
8/14/2003,173.7
8/15/2003,172.81
8/18/2003,173.65
8/19/2003,174.37
8/20/2003,174.77
8/21/2003,175.31
8/22/2003,173.4
8/25/2003,172.1
8/26/2003,173.64
8/27/2003,175.41
8/28/2003,175.19
8/29/2003,176.02
9/1/2003,176.02
9/2/2003,178.45
9/3/2003,180.19
9/4/2003,180.44
9/5/2003,179.45
9/8/2003,180.1
9/9/2003,179.64
9/10/2003,176.61
9/11/2003,177.85
9/12/2003,178.26
9/15/2003,177.76
9/16/2003,178.13
9/17/2003,177.1
9/18/2003,178.29
9/19/2003,179.39
9/22/2003,179.24
9/23/2003,180.36
9/24/2003,178.88
9/25/2003,178.73
9/26/2003,178.05
9/29/2003,179.43
9/30/2003,180.4
10/1/2003,181.65
10/2/2003,183.19
10/3/2003,185
10/6/2003,187.05
10/7/2003,186.52
10/8/2003,186.52
10/9/2003,187.13
10/10/2003,186.62
10/13/2003,187.19
10/14/2003,187.66
10/15/2003,187.14
10/16/2003,187.44
10/17/2003,185.72
10/20/2003,185.49
10/21/2003,185.4
10/22/2003,183.47
10/23/2003,181.91
10/24/2003,180.54
10/27/2003,182.63
10/28/2003,181.46
10/29/2003,183.11
10/30/2003,184.14
10/31/2003,183.42
11/3/2003,185.85
11/4/2003,185.92
11/5/2003,185.39
11/6/2003,186.96
11/7/2003,187.64
11/10/2003,187.2
11/11/2003,186.07
11/12/2003,188.44
11/13/2003,189.04
11/14/2003,189.77
11/17/2003,188.94
11/18/2003,188.71
11/19/2003,188.11
11/20/2003,186.2
11/21/2003,185.68
11/24/2003,187.13
11/25/2003,188.98
11/26/2003,189.91
11/27/2003,189.91
11/28/2003,190.54
12/1/2003,192.77
12/2/2003,192.33
12/3/2003,192.18
12/4/2003,191.26
12/5/2003,191.22
12/8/2003,192.71
12/9/2003,192.69
12/10/2003,192.01
12/11/2003,192.98
12/12/2003,193.76
12/15/2003,192.69
12/16/2003,193.94
12/17/2003,194.12
12/18/2003,194.29
12/19/2003,194.64
12/22/2003,195.6
12/23/2003,195.39
12/24/2003,195.93
12/25/2003,195.93
12/26/2003,196.22
12/29/2003,197.03
12/30/2003,197.39
12/31/2003,195.95
1/1/2004,195.95
1/2/2004,195.51
1/5/2004,195.56
1/6/2004,196.09
1/7/2004,194.97
1/8/2004,195.48
1/9/2004,195.6
1/12/2004,195.82
1/13/2004,195.98
1/14/2004,197.21
1/15/2004,196.91
1/16/2004,195.73
1/19/2004,195.73
1/20/2004,195.7
1/21/2004,196.12
1/22/2004,196.82
1/23/2004,198.44
1/26/2004,200.96
1/27/2004,202.81
1/28/2004,202.41
1/29/2004,202.49
1/30/2004,203.87
2/2/2004,206.63
2/3/2004,206.08
2/4/2004,202.25
2/5/2004,203.42
2/6/2004,207.14
2/9/2004,207.14
2/10/2004,208.24
2/11/2004,209.23
2/12/2004,206.91
2/13/2004,205.36
2/16/2004,205.36
2/17/2004,205.89
2/18/2004,205.44
2/19/2004,205.26
2/20/2004,205.29
2/23/2004,205.36
2/24/2004,205.68
2/25/2004,207.41
2/26/2004,206.87
2/27/2004,207.38
3/1/2004,210.13
3/2/2004,211.71
3/3/2004,212.6
3/4/2004,213.45
3/5/2004,214.68
3/8/2004,214.32
3/9/2004,214.16
3/10/2004,211.38
3/11/2004,208.77
3/12/2004,211.26
3/15/2004,209.43
3/16/2004,210.11
3/17/2004,213.47
3/18/2004,214.51
3/19/2004,214.7
3/22/2004,213.56
3/23/2004,214.62
3/24/2004,212.31
3/25/2004,215.3
3/26/2004,213.11
3/29/2004,213.75
3/30/2004,215.75
3/31/2004,217.26
4/1/2004,219.15
4/2/2004,216.1
4/5/2004,207.25
4/6/2004,199.62
4/7/2004,202.65
4/8/2004,198.88
4/9/2004,198.88
4/12/2004,188.41
4/13/2004,187.22
4/14/2004,185.1
4/15/2004,189.16
4/16/2004,191.31
4/19/2004,192.04
4/20/2004,185.03
4/21/2004,185.56
4/22/2004,188.28
4/23/2004,186.47
4/26/2004,187.5
4/27/2004,189.2
4/28/2004,187.52
4/29/2004,184.52
4/30/2004,183.53
5/3/2004,186.19
5/4/2004,187.51
5/5/2004,185.78
5/6/2004,185.48
5/7/2004,178.9
5/10/2004,176.52
5/11/2004,178.14
5/12/2004,177.85
5/13/2004,177.97
5/14/2004,180.09
5/17/2004,181.3
5/18/2004,184.62
5/19/2004,180.54
5/20/2004,184.22
5/21/2004,183.98
5/24/2004,185.98
5/25/2004,189.86
5/26/2004,192.63
5/27/2004,193.63
5/28/2004,195.72
5/31/2004,195.72
6/1/2004,193.26
6/2/2004,196.14
6/3/2004,194.75
6/4/2004,195.09
6/7/2004,196.8
6/8/2004,196.48
6/9/2004,195.58
6/10/2004,194.88
6/11/2004,194.88
6/14/2004,191.28
6/15/2004,195.08
6/16/2004,195.68
6/17/2004,197
6/18/2004,197.76
6/21/2004,199.89
6/22/2004,199.57
6/23/2004,200.97
6/24/2004,200.41
6/25/2004,201.99
6/28/2004,202.15
6/29/2004,197.46
6/30/2004,200.12
7/1/2004,200.11
7/2/2004,204.23
7/5/2004,204.23
7/6/2004,203.19
7/7/2004,205.48
7/8/2004,202.11
7/9/2004,202.21
7/12/2004,204.06
7/13/2004,201.95
7/14/2004,203.27
7/15/2004,205.23
7/16/2004,204.84
7/19/2004,206.38
7/20/2004,206.58
7/21/2004,204.44
7/22/2004,199.86
7/23/2004,198.2
7/26/2004,196.5
7/27/2004,197.01
7/28/2004,198.35
7/29/2004,198.17
7/30/2004,199.86
8/2/2004,203.04
8/3/2004,203.72
8/4/2004,205.43
8/5/2004,201.8
8/6/2004,201.5
8/9/2004,201.75
8/10/2004,202.61
8/11/2004,202.4
8/12/2004,200.23
8/13/2004,199.9
8/16/2004,202.94
8/17/2004,205.13
8/18/2004,207.76
8/19/2004,204.32
8/20/2004,210.2
8/23/2004,209.94
8/24/2004,212.94
8/25/2004,211.42
8/26/2004,212.57
8/27/2004,212.7
8/30/2004,213.9
8/31/2004,215.48
9/1/2004,214.76
9/2/2004,216
9/3/2004,217.26
9/6/2004,217.26
9/7/2004,219.44
9/8/2004,219.05
9/9/2004,215.23
9/10/2004,215.66
9/13/2004,213.78
9/14/2004,211
9/15/2004,212.19
9/16/2004,215.99
9/17/2004,215.27
9/20/2004,213.11
9/21/2004,213.95
9/22/2004,212.63
9/23/2004,211.74
9/24/2004,212.28
9/27/2004,211.95
9/28/2004,212.47
9/29/2004,212.4
9/30/2004,214.14
10/1/2004,217.71
10/4/2004,218.41
10/5/2004,218.24
10/6/2004,219.3
10/7/2004,216.4
10/8/2004,218.33
10/11/2004,217.3
10/12/2004,219.62
10/13/2004,218.27
10/14/2004,220.14
10/15/2004,221.34
10/18/2004,222.86
10/19/2004,220.96
10/20/2004,219.57
10/21/2004,222.32
10/22/2004,220.3
10/25/2004,219.26
10/26/2004,222.96
10/27/2004,224.47
10/28/2004,224.72
10/29/2004,223.79
11/1/2004,226.6
11/2/2004,224.7
11/3/2004,227.04
11/4/2004,230.43
11/5/2004,224.01
11/8/2004,225.45
11/9/2004,225.79
11/10/2004,226.72
11/11/2004,228.9
11/12/2004,234.19
11/15/2004,236.35
11/16/2004,234.2
11/17/2004,229.29
11/18/2004,229.31
11/19/2004,226.25
11/22/2004,227.81
11/23/2004,230.55
11/24/2004,233.53
11/25/2004,233.53
11/26/2004,232.53
11/29/2004,231.71
11/30/2004,232.92
12/1/2004,237.64
12/2/2004,235.17
12/3/2004,239.31
12/6/2004,240.62
12/7/2004,236.68
12/8/2004,237.76
12/9/2004,239.7
12/10/2004,241.54
12/13/2004,240.7
12/14/2004,240.21
12/15/2004,241.59
12/16/2004,238.93
12/17/2004,241.28
12/20/2004,240.84
12/21/2004,243.03
12/22/2004,244.49
12/23/2004,242.01
12/24/2004,242.01
12/27/2004,241.73
12/28/2004,242.64
12/29/2004,243.19
12/30/2004,243.94
12/31/2004,243.37
1/3/2005,240.32
1/4/2005,237.11
1/5/2005,228.17
1/6/2005,229.99
1/7/2005,230.13
1/10/2005,229.65
1/11/2005,227.08
1/12/2005,225.86
1/13/2005,227.3
1/14/2005,229.33
1/17/2005,229.33
1/18/2005,232.19
1/19/2005,232.82
1/20/2005,231.21
1/21/2005,231.33
1/24/2005,229.24
1/25/2005,224.6
1/26/2005,224.74
1/27/2005,222.37
1/28/2005,223.67
1/31/2005,223.38
2/1/2005,225.15
2/2/2005,227.68
2/3/2005,226.84
2/4/2005,230.63
2/7/2005,229.65
2/8/2005,230.31
2/9/2005,231.72
2/10/2005,232.6
2/11/2005,233.5
2/14/2005,233.71
2/15/2005,234.33
2/16/2005,235.23
2/17/2005,234.97
2/18/2005,232.78
2/21/2005,232.78
2/22/2005,226.55
2/23/2005,226.23
2/24/2005,225.94
2/25/2005,230.23
2/28/2005,228.32
3/1/2005,230.64
3/2/2005,229.4
3/3/2005,230.5
3/4/2005,235.17
3/7/2005,236.75
3/8/2005,234.97
3/9/2005,227.74
3/10/2005,230.01
3/11/2005,226.69
3/14/2005,230.02
3/15/2005,229.14
3/16/2005,226.36
3/17/2005,228.7
3/18/2005,227.06
3/21/2005,225.68
3/22/2005,221.7
3/23/2005,220.58
3/24/2005,221.59
3/25/2005,221.59
3/28/2005,220.33
3/29/2005,219.83
3/30/2005,222.94
3/31/2005,222.49
4/1/2005,222.33
4/4/2005,221.42
4/5/2005,221.01
4/6/2005,222.23
4/7/2005,224.39
4/8/2005,222.93
4/11/2005,223.45
4/12/2005,226.77
4/13/2005,226.05
4/14/2005,224.25
4/15/2005,223.63
4/18/2005,224.56
4/19/2005,225.82
4/20/2005,224.59
4/21/2005,225.96
4/22/2005,226.97
4/25/2005,229.95
4/26/2005,229.64
4/27/2005,231.54
4/28/2005,230.1
4/29/2005,233.52
5/2/2005,232.97
5/3/2005,232.26
5/4/2005,234.53
5/5/2005,236.29
5/6/2005,234
5/9/2005,238.44
5/10/2005,237.88
5/11/2005,238.33
5/12/2005,235.79
5/13/2005,233.47
5/16/2005,236.49
5/17/2005,237.9
5/18/2005,240.8
5/19/2005,243.6
5/20/2005,244.43
5/23/2005,244.57
5/24/2005,241.51
5/25/2005,238.26
5/26/2005,237.53
5/27/2005,239.06
5/30/2005,239.06
5/31/2005,241.03
6/1/2005,244
6/2/2005,243.25
6/3/2005,242.91
6/6/2005,244.96
6/7/2005,247.11
6/8/2005,248.21
6/9/2005,248.29
6/10/2005,248.18
6/13/2005,249.39
6/14/2005,251.54
6/15/2005,251.36
6/16/2005,251.41
6/17/2005,254.39
6/20/2005,253.92
6/21/2005,251.58
6/22/2005,251.33
6/23/2005,250.93
6/24/2005,249.72
6/27/2005,249.49
6/28/2005,250.46
6/29/2005,250.65
6/30/2005,250.92
7/1/2005,253.01
7/4/2005,253.01
7/5/2005,255.53
7/6/2005,254.35
7/7/2005,255.49
7/8/2005,259.32
7/11/2005,262.45
7/12/2005,262.45
7/13/2005,260.58
7/14/2005,256.44
7/15/2005,257.73
7/18/2005,257.87
7/19/2005,260.01
7/20/2005,262.34
7/21/2005,258.54
7/22/2005,260.57
7/25/2005,261.32
7/26/2005,263.73
7/27/2005,264.24
7/28/2005,267.46
7/29/2005,267.03
8/1/2005,266.93
8/2/2005,268.98
8/3/2005,268.43
8/4/2005,263.08
8/5/2005,254.17
8/8/2005,245.22
8/9/2005,247.49
8/10/2005,248.24
8/11/2005,250.96
8/12/2005,251.24
8/15/2005,253.23
8/16/2005,254.29
8/17/2005,251.67
8/18/2005,249.83
8/19/2005,248.75
8/22/2005,250.24
8/23/2005,250.45
8/24/2005,251.46
8/25/2005,252.3
8/26/2005,248.91
8/29/2005,248.37
8/30/2005,249.06
8/31/2005,254.67
9/1/2005,255.95
9/2/2005,255.06
9/5/2005,255.06
9/6/2005,261.07
9/7/2005,259.19
9/8/2005,258.32
9/9/2005,259.49
9/12/2005,258.73
9/13/2005,256.95
9/14/2005,256.61
9/15/2005,257.23
9/16/2005,256.41
9/19/2005,254.2
9/20/2005,252.77
9/21/2005,247.29
9/22/2005,248.24
9/23/2005,248.16
9/26/2005,249.4
9/27/2005,248.53
9/28/2005,246.02
9/29/2005,249.75
9/30/2005,252.88
10/3/2005,253.59
10/4/2005,249.02
10/5/2005,244.45
10/6/2005,243.63
10/7/2005,241.81
10/10/2005,238.58
10/11/2005,237.08
10/12/2005,232.97
10/13/2005,232.72
10/14/2005,238.12
10/17/2005,239.36
10/18/2005,236.44
10/19/2005,239.57
10/20/2005,236.06
10/21/2005,238.71
10/24/2005,243.33
10/25/2005,241.96
10/26/2005,239.92
10/27/2005,236.99
10/28/2005,243.81
10/31/2005,245.81
11/1/2005,240.74
11/2/2005,242.97
11/3/2005,241.64
11/4/2005,240.72
11/7/2005,242.17
11/8/2005,240.81
11/9/2005,243.25
11/10/2005,248.36
11/11/2005,250.67
11/14/2005,249.24
11/15/2005,248.52
11/16/2005,247.53
11/17/2005,251.23
11/18/2005,252.69
11/21/2005,254.37
11/22/2005,257.48
11/23/2005,259.09
11/24/2005,259.09
11/25/2005,259.58
11/28/2005,256.74
11/29/2005,257.46
11/30/2005,255.79
12/1/2005,258.75
12/2/2005,258.36
12/5/2005,256.17
12/6/2005,255.43
12/7/2005,253.9
12/8/2005,255.74
12/9/2005,256.7
12/12/2005,256.42
12/13/2005,257.88
12/14/2005,258.57
12/15/2005,256.49
12/16/2005,257.24
12/19/2005,254.29
12/20/2005,253.9
12/21/2005,255.64
12/22/2005,257.12
12/23/2005,258
12/26/2005,258
12/27/2005,257.51
12/28/2005,256.24
12/29/2005,254.45
12/30/2005,253.37
1/2/2006,253.37
1/3/2006,259.04
1/4/2006,260.1
1/5/2006,262.75
1/6/2006,265.27
1/9/2006,267.55
1/10/2006,269.79
1/11/2006,269.5
1/12/2006,268.43
1/13/2006,264.53
1/16/2006,264.53
1/17/2006,264.05
1/18/2006,263.59
1/19/2006,267.06
1/20/2006,263.51
1/23/2006,265.3
1/24/2006,267.1
1/25/2006,266.72
1/26/2006,267.73
1/27/2006,271.01
1/30/2006,270
1/31/2006,270.73
2/1/2006,272.03
2/2/2006,270.87
2/3/2006,267.68
2/6/2006,268.79
2/7/2006,266.43
2/8/2006,265.43
2/9/2006,266.5
2/10/2006,266.15
2/13/2006,266.24
2/14/2006,268
2/15/2006,270.13
2/16/2006,272.42
2/17/2006,274.36
2/20/2006,274.36
2/21/2006,275.04
2/22/2006,278.24
2/23/2006,277.65
2/24/2006,276.21
2/27/2006,276.58
2/28/2006,275.15
3/1/2006,276.57
3/2/2006,275.95
3/3/2006,274.6
3/6/2006,279.46
3/7/2006,275.86
3/8/2006,276.81
3/9/2006,279.42
3/10/2006,281.94
3/13/2006,280.58
3/14/2006,282.79
3/15/2006,287.92
3/16/2006,290.86
3/17/2006,293.59
3/20/2006,289.12
3/21/2006,285.6
3/22/2006,286.62
3/23/2006,287.58
3/24/2006,286.65
3/27/2006,284.16
3/28/2006,287.43
3/29/2006,292.79
3/30/2006,288.42
3/31/2006,289.17
4/3/2006,283.59
4/4/2006,281.9
4/5/2006,284.23
4/6/2006,282.73
4/7/2006,278.75
4/10/2006,275.93
4/11/2006,274.62
4/12/2006,274.59
4/13/2006,271.14
4/14/2006,271.14
4/17/2006,270.27
4/18/2006,277.26
4/19/2006,280.81
4/20/2006,280.98
4/21/2006,281.33
4/24/2006,279.52
4/25/2006,277.8
4/26/2006,276.7
4/27/2006,279.27
4/28/2006,280.07
5/1/2006,276.47
5/2/2006,273.74
5/3/2006,274.13
5/4/2006,277.42
5/5/2006,281.38
5/8/2006,282.96
5/9/2006,282.9
5/10/2006,283.04
5/11/2006,276.94
5/12/2006,272.88
5/15/2006,275.92
5/16/2006,274.83
5/17/2006,269.37
5/18/2006,267.85
5/19/2006,267.88
5/22/2006,266.07
5/23/2006,264.16
5/24/2006,264.11
5/25/2006,270.39
5/26/2006,272.88
5/29/2006,272.88
5/30/2006,270.3
5/31/2006,270.3
6/1/2006,275.67
6/2/2006,278.6
6/5/2006,279.32
6/6/2006,276.27
6/7/2006,277.03
6/8/2006,275.99
6/9/2006,278.17
6/12/2006,274.1
6/13/2006,271.19
6/14/2006,269.85
6/15/2006,274.73
6/16/2006,274.7
6/19/2006,272.71
6/20/2006,271.15
6/21/2006,274.19
6/22/2006,272.25
6/23/2006,271.26
6/26/2006,274.16
6/27/2006,273.21
6/28/2006,274.12
6/29/2006,279.8
6/30/2006,282.38
7/3/2006,285.93
7/4/2006,285.93
7/5/2006,285.64
7/6/2006,286.4
7/7/2006,285.13
7/10/2006,287.95
7/11/2006,287.91
7/12/2006,288.8
7/13/2006,284.62
7/14/2006,280.78
7/17/2006,280.52
7/18/2006,283.6
7/19/2006,289.6
7/20/2006,286.49
7/21/2006,281.11
7/24/2006,286.27
7/25/2006,288.04
7/26/2006,289.41
7/27/2006,287.57
7/28/2006,291.75
7/31/2006,290.01
8/1/2006,289.11
8/2/2006,288.48
8/3/2006,291.6
8/4/2006,295.61
8/7/2006,292.31
8/8/2006,287.58
8/9/2006,285.47
8/10/2006,285.52
8/11/2006,282.95
8/14/2006,285.27
8/15/2006,288.56
8/16/2006,289.13
8/17/2006,289.39
8/18/2006,290.08
8/21/2006,291.16
8/22/2006,293.59
8/23/2006,290.59
8/24/2006,292.28
8/25/2006,291.68
8/28/2006,294.95
8/29/2006,294.98
8/30/2006,297.4
8/31/2006,297.57
9/1/2006,295.92
9/4/2006,295.92
9/5/2006,298.51
9/6/2006,297.02
9/7/2006,294.94
9/8/2006,297.47
9/11/2006,298.82
9/12/2006,302.85
9/13/2006,304.55
9/14/2006,302.85
9/15/2006,305.02
9/18/2006,302.8
9/19/2006,305.03
9/20/2006,304.01
9/21/2006,301.1
9/22/2006,302.42
9/25/2006,302.33
9/26/2006,302.08
9/27/2006,304.27
9/28/2006,303.13
9/29/2006,302.73
10/2/2006,302.34
10/3/2006,305.03
10/4/2006,308.41
10/5/2006,310.67
10/6/2006,308.01
10/9/2006,310.45
10/10/2006,310.16
10/11/2006,309.02
10/12/2006,311.89
10/13/2006,314.64
10/16/2006,316.22
10/17/2006,314.9
10/18/2006,316.54
10/19/2006,315.61
10/20/2006,315.4
10/23/2006,316.89
10/24/2006,315.78
10/25/2006,317.61
10/26/2006,321.19
10/27/2006,318.94
10/30/2006,320.65
10/31/2006,321.58
11/1/2006,318.1
11/2/2006,312.71
11/3/2006,308.98
11/6/2006,311.86
11/7/2006,308.92
11/8/2006,309.81
11/9/2006,310.29
11/10/2006,311.79
11/13/2006,311.86
11/14/2006,316.01
11/15/2006,315.66
11/16/2006,317.89
11/17/2006,317.03
11/20/2006,326.69
11/21/2006,332.18
11/22/2006,333
11/23/2006,333
11/24/2006,334.79
11/27/2006,326.46
11/28/2006,326.77
11/29/2006,331.63
11/30/2006,335.04
12/1/2006,334.41
12/4/2006,338.66
12/5/2006,336.26
12/6/2006,334.45
12/7/2006,332.76
12/8/2006,332.93
12/11/2006,333.84
12/12/2006,332.45
12/13/2006,330.49
12/14/2006,330.86
12/15/2006,329.1
12/18/2006,327.9
12/19/2006,325.19
12/20/2006,327.97
12/21/2006,325.07
12/22/2006,322.64
12/25/2006,322.64
12/26/2006,324.95
12/27/2006,327.05
12/28/2006,327.87
12/29/2006,328.72
1/1/2007,328.72
1/2/2007,328.72
1/3/2007,328.75
1/4/2007,328.69
1/5/2007,323.5
1/8/2007,323.49
1/9/2007,327.34
1/10/2007,331.52
1/11/2007,335.88
1/12/2007,336.77
1/15/2007,336.77
1/16/2007,341.31
1/17/2007,341.18
1/18/2007,340.28
1/19/2007,343.9
1/22/2007,341.71
1/23/2007,343.25
1/24/2007,348.1
1/25/2007,349.75
1/26/2007,350.76
1/29/2007,351.77
1/30/2007,353.22
1/31/2007,355.82
2/1/2007,357.08
2/2/2007,358.57
2/5/2007,359.22
2/6/2007,363.87
2/7/2007,370.57
2/8/2007,367.41
2/9/2007,362.23
2/12/2007,355.21
2/13/2007,361.44
2/14/2007,359.63
2/15/2007,362.12
2/16/2007,360.87
2/19/2007,360.87
2/20/2007,363.75
2/21/2007,362.19
2/22/2007,360.09
2/23/2007,354.52
2/26/2007,352.32
2/27/2007,341.28
2/28/2007,344.26
3/1/2007,341.5
3/2/2007,334.91
3/5/2007,321.96
3/6/2007,332.92
3/7/2007,328.42
3/8/2007,333.52
3/9/2007,337.37
3/12/2007,338.71
3/13/2007,329.43
3/14/2007,331.24
3/15/2007,334.72
3/16/2007,331.88
3/19/2007,335.54
3/20/2007,336.19
3/21/2007,341.32
3/22/2007,340.87
3/23/2007,341.15
3/26/2007,336.54
3/27/2007,332.24
3/28/2007,329.8
3/29/2007,330.19
3/30/2007,334.14
4/2/2007,336.59
4/3/2007,339.55
4/4/2007,337.91
4/5/2007,337.85
4/6/2007,337.85
4/9/2007,337.97
4/10/2007,339.1
4/11/2007,333.72
4/12/2007,332.08
4/13/2007,335.16
4/16/2007,336.1
4/17/2007,340.7
4/18/2007,339.21
4/19/2007,336.94
4/20/2007,339.49
4/23/2007,343.34
4/24/2007,340.72
4/25/2007,341.13
4/26/2007,340.72
4/27/2007,340.27
4/30/2007,334.29
5/1/2007,331.66
5/2/2007,335.14
5/3/2007,335.72
5/4/2007,332.93
5/7/2007,333.85
5/8/2007,332.1
5/9/2007,335.77
5/10/2007,330.66
5/11/2007,335.26
5/14/2007,332.69
5/15/2007,327.39
5/16/2007,324.18
5/17/2007,318.74
5/18/2007,315.54
5/21/2007,318
5/22/2007,322.03
5/23/2007,319.04
5/24/2007,313.37
5/25/2007,316
5/28/2007,316
5/29/2007,326.84
5/30/2007,335.28
5/31/2007,334.04
6/1/2007,334.03
6/4/2007,335.89
6/5/2007,329.98
6/6/2007,327.84
6/7/2007,317.88
6/8/2007,322.17
6/11/2007,317.15
6/12/2007,311.55
6/13/2007,318.4
6/14/2007,315.24
6/15/2007,318.88
6/18/2007,313.92
6/19/2007,315.16
6/20/2007,308.05
6/21/2007,307.54
6/22/2007,305.65
6/25/2007,300.63
6/26/2007,299.57
6/27/2007,305.77
6/28/2007,304.12
6/29/2007,302.56
7/2/2007,310.3
7/3/2007,309.48
7/4/2007,309.48
7/5/2007,314.23
7/6/2007,314.12
7/9/2007,313.18
7/10/2007,304.87
7/11/2007,303.69
7/12/2007,308.22
7/13/2007,311.53
7/16/2007,309.67
7/17/2007,307.57
7/18/2007,305.87
7/19/2007,307.49
7/20/2007,301.64
7/23/2007,296.67
7/24/2007,289.59
7/25/2007,288.64
7/26/2007,282.89
7/27/2007,275.49
7/30/2007,278.1
7/31/2007,276.52
8/1/2007,278.29
8/2/2007,281.99
8/3/2007,272.9
8/6/2007,280.38
8/7/2007,281.5
8/8/2007,292.5
8/9/2007,290.27
8/10/2007,281.35
8/13/2007,279.12
8/14/2007,267.78
8/15/2007,263.95
8/16/2007,273.45
8/17/2007,280.58
8/20/2007,285.08
8/21/2007,288.86
8/22/2007,290.49
8/23/2007,287.78
8/24/2007,287.09
8/27/2007,281.79
8/28/2007,273.06
8/29/2007,280.34
8/30/2007,282.57
8/31/2007,288.36
9/3/2007,288.36
9/4/2007,292.31
9/5/2007,285.03
9/6/2007,286.6
9/7/2007,280.62
9/10/2007,277.49
9/11/2007,281.75
9/12/2007,281.74
9/13/2007,287.2
9/14/2007,288.38
9/17/2007,287.06
9/18/2007,297.29
9/19/2007,302.17
9/20/2007,296.62
9/21/2007,297.25
9/24/2007,301.35
9/25/2007,296.32
9/26/2007,297.78
9/27/2007,300.43
9/28/2007,299.35
10/1/2007,304.87
10/2/2007,309.9
10/3/2007,308.85
10/4/2007,310.46
10/5/2007,316.91
10/8/2007,312.23
10/9/2007,314.65
10/10/2007,313.68
10/11/2007,311.39
10/12/2007,308.98
10/15/2007,302.22
10/16/2007,297.92
10/17/2007,297.09
10/18/2007,297.75
10/19/2007,287.49
10/22/2007,291.35
10/23/2007,294.71
10/24/2007,292.56
10/25/2007,292.81
10/26/2007,295.67
10/29/2007,293.33
10/30/2007,295.47
10/31/2007,300.46
11/1/2007,289.28
11/2/2007,282.94
11/5/2007,279.84
11/6/2007,282.71
11/7/2007,273.29
11/8/2007,275.06
11/9/2007,273.82
11/12/2007,273.95
11/13/2007,283.91
11/14/2007,278.83
11/15/2007,276.86
11/16/2007,273.17
11/19/2007,266.28
11/20/2007,261.22
11/21/2007,260.01
11/22/2007,260.01
11/23/2007,265.51
11/26/2007,251.99
11/27/2007,257.54
11/28/2007,268.29
11/29/2007,267.54
11/30/2007,272.88
12/3/2007,270.68
12/4/2007,263.28
12/5/2007,271.68
12/6/2007,280.73
12/7/2007,279.94
12/10/2007,286.01
12/11/2007,269.92
12/12/2007,269.96
12/13/2007,266.96
12/14/2007,258.77
12/17/2007,252.44
12/18/2007,254.73
12/19/2007,257.99
12/20/2007,257.63
12/21/2007,261.93
12/24/2007,271.19
12/25/2007,271.19
12/26/2007,266.36
12/27/2007,258.37
12/28/2007,255.09
12/31/2007,257.45
1/1/2008,257.45
1/2/2008,255.49
1/3/2008,247.19
1/4/2008,237.88
1/7/2008,240.26
1/8/2008,231.41
1/9/2008,234.94
1/10/2008,238.71
1/11/2008,238.25
1/14/2008,237.88
1/15/2008,231.42
1/16/2008,235.55
1/17/2008,230.98
1/18/2008,228.29
1/21/2008,228.29
1/22/2008,236.1
1/23/2008,256.96
1/24/2008,251.68
1/25/2008,248.29
1/28/2008,257.19
1/29/2008,255.35
1/30/2008,250.31
1/31/2008,255.58
2/1/2008,265.43
2/4/2008,261.89
2/5/2008,252.18
2/6/2008,248.54
2/7/2008,254.29
2/8/2008,246.12
2/11/2008,242.24
2/12/2008,248.34
2/13/2008,249.57
2/14/2008,244.6
2/15/2008,246.49
2/18/2008,246.49
2/19/2008,244.18
2/20/2008,248.01
2/21/2008,242.48
2/22/2008,248.26
2/25/2008,256
2/26/2008,256.2
2/27/2008,254.33
2/28/2008,249.15
2/29/2008,244.57
3/3/2008,245.84
3/4/2008,243.54
3/5/2008,243.82
3/6/2008,232.23
3/7/2008,235.45
3/10/2008,230.94
3/11/2008,246.66
3/12/2008,241.63
3/13/2008,244.38
3/14/2008,239.9
3/17/2008,238.79
3/18/2008,251.66
3/19/2008,248.68
3/20/2008,258.79
3/21/2008,258.79
3/24/2008,263.7
3/25/2008,264.89
3/26/2008,258.29
3/27/2008,254.87
3/28/2008,252
3/31/2008,253.51
4/1/2008,267.7
4/2/2008,267.43
4/3/2008,272.31
4/4/2008,267.73
4/7/2008,268.35
4/8/2008,264.25
4/9/2008,258.26
4/10/2008,260.97
4/11/2008,256.94
4/14/2008,255.29
4/15/2008,258.28
4/16/2008,268.43
4/17/2008,270.17
4/18/2008,270.11
4/21/2008,267.52
4/22/2008,266.15
4/23/2008,269.69
4/24/2008,276.02
4/25/2008,277.16
4/28/2008,276.96
4/29/2008,272.77
4/30/2008,268.49
5/1/2008,275.36
5/2/2008,275.14
5/5/2008,274.63
5/6/2008,276.77
5/7/2008,268.61
5/8/2008,267.99
5/9/2008,265.88
5/12/2008,272.52
5/13/2008,272.69
5/14/2008,274.71
5/15/2008,278.23
5/16/2008,276.44
5/19/2008,277.07
5/20/2008,272.94
5/21/2008,266.31
5/22/2008,265.13
5/23/2008,263.25
5/26/2008,263.25
5/27/2008,267.27
5/28/2008,267.66
5/29/2008,271.1
5/30/2008,269.75
6/2/2008,265.03
6/3/2008,266.67
6/4/2008,267.95
6/5/2008,274.43
6/6/2008,262.53
6/9/2008,256.81
6/10/2008,258.2
6/11/2008,252.59
6/12/2008,254.6
6/13/2008,259.69
6/16/2008,263.29
6/17/2008,254.9
6/18/2008,251.11
6/19/2008,257.06
6/20/2008,250.19
6/23/2008,244.38
6/24/2008,245.76
6/25/2008,249.2
6/26/2008,239.54
6/27/2008,237.31
6/30/2008,237.14
7/1/2008,237.64
7/2/2008,232.76
7/3/2008,231.48
7/4/2008,231.48
7/7/2008,226.28
7/8/2008,242.07
7/9/2008,224.74
7/10/2008,229.01
7/11/2008,228.77
7/14/2008,220.52
7/15/2008,219.09
7/16/2008,233.98
7/17/2008,238.43
7/18/2008,238.47
7/21/2008,239.13
7/22/2008,246.9
7/23/2008,252.68
7/24/2008,234.77
7/25/2008,239.93
7/28/2008,233.02
7/29/2008,246.83
7/30/2008,244.84
7/31/2008,241.83
8/1/2008,242.15
8/4/2008,238.15
8/5/2008,249.62
8/6/2008,247.84
8/7/2008,240.71
8/8/2008,251.34
8/11/2008,256.43
8/12/2008,249.38
8/13/2008,245.37
8/14/2008,250.01
8/15/2008,249.22
8/18/2008,243.71
8/19/2008,238.14
8/20/2008,238.78
8/21/2008,235.72
8/22/2008,243.83
8/25/2008,235.73
8/26/2008,238.49
8/27/2008,240.36
8/28/2008,248.66
8/29/2008,245.95
9/1/2008,245.95
9/2/2008,248.09
9/3/2008,251.96
9/4/2008,243.97
9/5/2008,245.16
9/8/2008,256.72
9/9/2008,245.72
9/10/2008,247.03
9/11/2008,248.83
9/12/2008,251.91
9/15/2008,228.91
9/16/2008,243.73
9/17/2008,229.27
9/18/2008,257.2
9/19/2008,261.77
9/22/2008,237.23
9/23/2008,239.17
9/24/2008,235.65
9/25/2008,240.65
9/26/2008,247.57
9/29/2008,226.76
9/30/2008,241.88
10/1/2008,236.52
10/2/2008,220.51
10/3/2008,209.78
10/6/2008,202.3
10/7/2008,187.52
10/8/2008,186.68
10/9/2008,167.38
10/10/2008,191.97
10/13/2008,199.41
10/14/2008,185.67
10/15/2008,161.11
10/16/2008,169.09
10/17/2008,168.5
10/20/2008,169.55
10/21/2008,163.38
10/22/2008,150.42
10/23/2008,148.62
10/24/2008,138.93
10/27/2008,131.1
10/28/2008,155.11
10/29/2008,150.23
10/30/2008,155.88
10/31/2008,165.47
11/3/2008,159.17
11/4/2008,168.52
11/5/2008,151.32
11/6/2008,143.9
11/7/2008,153.19
11/10/2008,139.36
11/11/2008,136.86
11/12/2008,126.67
11/13/2008,141.12
11/14/2008,125.98
11/17/2008,121.07
11/18/2008,120.39
11/19/2008,105.09
11/20/2008,96.26
11/21/2008,103.56
11/24/2008,123.05
11/25/2008,124.77
11/26/2008,130.04
11/27/2008,130.04
11/28/2008,126.9
12/1/2008,102.4
12/2/2008,115.77
12/3/2008,121.78
12/4/2008,117.85
12/5/2008,130.54
12/8/2008,143.25
12/9/2008,131.17
12/10/2008,141.28
12/11/2008,119.6
12/12/2008,132.9
12/15/2008,127.31
12/16/2008,145.54
12/17/2008,147.64
12/18/2008,135.15
12/19/2008,143.19
12/22/2008,138.79
12/23/2008,138.7
12/24/2008,139.72
12/25/2008,139.72
12/26/2008,140.98
12/29/2008,132.89
12/30/2008,138.93
12/31/2008,145.63
1/1/2009,145.63
1/2/2009,141.05
1/5/2009,138.14
1/6/2009,145.93
1/7/2009,140.13
1/8/2009,139.52
1/9/2009,133
1/12/2009,124.88
1/13/2009,128.76
1/14/2009,122.13
1/15/2009,125.72
1/16/2009,130.96
1/19/2009,130.96
1/20/2009,115.72
1/21/2009,127.84
1/22/2009,121.37
1/23/2009,125.12
1/26/2009,124.45
1/27/2009,126.46
1/28/2009,137.12
1/29/2009,125.66
1/30/2009,121.12
2/2/2009,123.31
2/3/2009,122.05
2/4/2009,119.7
2/5/2009,117.41
2/6/2009,125.89
2/9/2009,127.28
2/10/2009,115.6
2/11/2009,117.97
2/12/2009,116.21
2/13/2009,109.56
2/16/2009,109.56
2/17/2009,102.36
2/18/2009,103.65
2/19/2009,98.69
2/20/2009,105.15
2/23/2009,97.33
2/24/2009,105.61
2/25/2009,103.09
2/26/2009,98.05
2/27/2009,96.52
3/2/2009,89.14
3/3/2009,90.31
3/4/2009,92.22
3/5/2009,86.13
3/6/2009,85.52
3/9/2009,87.45
3/10/2009,99.88
3/11/2009,97.6
3/12/2009,104.92
3/13/2009,102.64
3/16/2009,94.6
3/17/2009,102.21
3/18/2009,106.9
3/19/2009,100.83
3/20/2009,92.64
3/23/2009,107.87
3/24/2009,99.33
3/25/2009,101.59
3/26/2009,104.22
3/27/2009,98.69
3/30/2009,92.69
3/31/2009,99.77
4/1/2009,98.71
4/2/2009,105.57
4/3/2009,114.49
4/6/2009,113.1
4/7/2009,103.61
4/8/2009,106.08
4/9/2009,120.07
4/10/2009,120.07
4/13/2009,120.94
4/14/2009,110.78
4/15/2009,120.24
4/16/2009,124.57
4/17/2009,125.84
4/20/2009,112.07
4/21/2009,123.12
4/22/2009,118.11
4/23/2009,123.91
4/24/2009,130.73
4/27/2009,122.03
4/28/2009,123.5
4/29/2009,128.55
4/30/2009,129.02
5/1/2009,123.99
5/4/2009,134.67
5/5/2009,129.99
5/6/2009,134.81
5/7/2009,126.07
5/8/2009,136.03
5/11/2009,129.69
5/12/2009,128.61
5/13/2009,119.88
5/14/2009,124.28
5/15/2009,119.37
5/18/2009,129.62
5/19/2009,126.69
5/20/2009,125.22
5/21/2009,125.34
5/22/2009,122.43
5/25/2009,122.43
5/26/2009,129.7
5/27/2009,124.51
5/28/2009,127.54
5/29/2009,130.84
6/1/2009,136.07
6/2/2009,134
6/3/2009,133.82
6/4/2009,138.17
6/5/2009,136.28
6/8/2009,135.85
6/9/2009,135.51
6/10/2009,132.72
6/11/2009,130.17
6/12/2009,134.3
6/15/2009,127.38
6/16/2009,126.13
6/17/2009,123.64
6/18/2009,124.79
6/19/2009,126.47
6/22/2009,119.5
6/23/2009,120.88
6/24/2009,123.13
6/25/2009,124.78
6/26/2009,125.75
6/29/2009,125.9
6/30/2009,126.77
7/1/2009,127.97
7/2/2009,120.75
7/3/2009,120.75
7/6/2009,124.84
7/7/2009,119.6
7/8/2009,118.35
7/9/2009,116.6
7/10/2009,116.42
7/13/2009,121.42
7/14/2009,122.64
7/15/2009,127.08
7/16/2009,128.2
7/17/2009,125.09
7/20/2009,129.9
7/21/2009,129.02
7/22/2009,129.41
7/23/2009,134.42
7/24/2009,135.09
7/27/2009,137.5
7/28/2009,136.8
7/29/2009,134.79
7/30/2009,139.65
7/31/2009,139.86
8/3/2009,142.39
8/4/2009,149.43
8/5/2009,155.43
8/6/2009,154.11
8/7/2009,161.96
8/10/2009,157.97
8/11/2009,153.34
8/12/2009,154.3
8/13/2009,154.63
8/14/2009,153.31
8/17/2009,145.23
8/18/2009,147.64
8/19/2009,146.37
8/20/2009,152.24
8/21/2009,155.88
8/24/2009,154.82
8/25/2009,156.47
8/26/2009,157.14
8/27/2009,158.63
8/28/2009,159.62
8/31/2009,157.37
9/1/2009,149.27
9/2/2009,146.48
9/3/2009,149.24
9/4/2009,150.88
9/7/2009,150.88
9/8/2009,155.84
9/9/2009,158.99
9/10/2009,160.86
9/11/2009,160.34
9/14/2009,165.08
9/15/2009,168.03
9/16/2009,174.7
9/17/2009,173.22
9/18/2009,173.82
9/21/2009,170.6
9/22/2009,176.5
9/23/2009,169.73
9/24/2009,164.03
9/25/2009,164.19
9/28/2009,170.94
9/29/2009,167.37
9/30/2009,166.24
10/1/2009,158.76
10/2/2009,157.34
10/5/2009,161.73
10/6/2009,161.74
10/7/2009,161.29
10/8/2009,164.39
10/9/2009,165.81
10/12/2009,165.58
10/13/2009,163.04
10/14/2009,169.01
10/15/2009,167.61
10/16/2009,163.33
10/19/2009,166.86
10/20/2009,163.68
10/21/2009,162.04
10/22/2009,166.27
10/23/2009,164.03
10/26/2009,163.36
10/27/2009,160.75
10/28/2009,153.93
10/29/2009,160.93
10/30/2009,157.39
11/2/2009,158.09
11/3/2009,160.43
11/4/2009,156.94
11/5/2009,160.32
11/6/2009,157.76
11/9/2009,165.35
11/10/2009,164.07
11/11/2009,167.33
11/12/2009,164.78
11/13/2009,167.16
11/16/2009,170.94
11/17/2009,168.31
11/18/2009,171.52
11/19/2009,167.63
11/20/2009,166.76
11/23/2009,168.5
11/24/2009,166.12
11/25/2009,166.65
11/26/2009,166.65
11/27/2009,161.87
11/30/2009,168.24
12/1/2009,170.19
12/2/2009,172.95
12/3/2009,171.16
12/4/2009,175.88
12/7/2009,172.57
12/8/2009,171.82
12/9/2009,171.6
12/10/2009,171.18
12/11/2009,173.55
12/14/2009,176.95
12/15/2009,174.82
12/16/2009,176.08
12/17/2009,175.12
12/18/2009,176.41
12/21/2009,178.46
12/22/2009,180.28
12/23/2009,182.23
12/24/2009,184.34
12/25/2009,184.34
12/28/2009,184.86
12/29/2009,182.21
12/30/2009,182.11
12/31/2009,178.63
1/1/2010,178.63
1/4/2010,177.89
1/5/2010,178.49
1/6/2010,178.17
1/7/2010,180.16
1/8/2010,178.72
1/11/2010,179.64
1/12/2010,176.49
1/13/2010,179.93
1/14/2010,179.16
1/15/2010,177.68
1/18/2010,177.68
1/19/2010,181.49
1/20/2010,179.19
1/21/2010,173.82
1/22/2010,170.01
1/25/2010,171.29
1/26/2010,169.93
1/27/2010,171.36
1/28/2010,169.76
1/29/2010,168.83
2/1/2010,171.9
2/2/2010,174.78
2/3/2010,172.28
2/4/2010,165.77
2/5/2010,169.13
2/8/2010,165.11
2/9/2010,164.64
2/10/2010,164.45
2/11/2010,165.92
2/12/2010,167.32
2/15/2010,167.32
2/16/2010,172.08
2/17/2010,173.49
2/18/2010,175.61
2/19/2010,175.92
2/22/2010,176.49
2/23/2010,174.94
2/24/2010,176.87
2/25/2010,177.49
2/26/2010,177.64
3/1/2010,179.04
3/2/2010,179.29
3/3/2010,178.68
3/4/2010,179.44
3/5/2010,183.86
3/8/2010,185.77
3/9/2010,186.69
3/10/2010,187.46
3/11/2010,188.15
3/12/2010,189.65
3/15/2010,189.07
3/16/2010,193.62
3/17/2010,196.34
3/18/2010,195.63
3/19/2010,193.8
3/22/2010,195.86
3/23/2010,195.02
3/24/2010,195.73
3/25/2010,196.35
3/26/2010,195.53
3/29/2010,195.91
3/30/2010,195.29
3/31/2010,193.37
4/1/2010,194.39
4/2/2010,194.39
4/5/2010,198.59
4/6/2010,202.48
4/7/2010,197.93
4/8/2010,198.01
4/9/2010,201.38
4/12/2010,199.8
4/13/2010,204.47
4/14/2010,204.62
4/15/2010,199.5
4/16/2010,194.95
4/19/2010,196.1
4/20/2010,199.36
4/21/2010,202.96
4/22/2010,206.05
4/23/2010,208.57
4/26/2010,209.96
4/27/2010,203.06
4/28/2010,203.83
4/29/2010,212.43
4/30/2010,205.39
5/3/2010,212.08
5/4/2010,206.67
5/5/2010,203.68
5/6/2010,195.46
5/7/2010,192.29
5/10/2010,205.26
5/11/2010,205.36
5/12/2010,208.55
5/13/2010,205.49
5/14/2010,198.77
5/17/2010,198.99
5/18/2010,193.68
5/19/2010,191.8
5/20/2010,182.62
5/21/2010,189.03
5/24/2010,184.81
5/25/2010,186.69
5/26/2010,185.94
5/27/2010,196.23
5/28/2010,193.49
5/31/2010,193.49
6/1/2010,189.6
6/2/2010,193.9
6/3/2010,193.16
6/4/2010,182.53
6/7/2010,181.56
6/8/2010,184.85
6/9/2010,185.92
6/10/2010,193.9
6/11/2010,195.76
6/14/2010,197.87
6/15/2010,202.28
6/16/2010,200.63
6/17/2010,200.77
6/18/2010,200.09
6/21/2010,198.75
6/22/2010,192.67
6/23/2010,193.49
6/24/2010,189.02
6/25/2010,193.94
6/28/2010,191.25
6/29/2010,184.88
6/30/2010,183
7/1/2010,182.68
7/2/2010,179.15
7/5/2010,179.15
7/6/2010,175.66
7/7/2010,184.45
7/8/2010,186.22
7/9/2010,189.04
7/12/2010,189.31
7/13/2010,193.72
7/14/2010,192.32
7/15/2010,192
7/16/2010,185.69
7/19/2010,188.3
7/20/2010,191.76
7/21/2010,187.49
7/22/2010,194.74
7/23/2010,196.98
7/26/2010,202.14
7/27/2010,201.42
7/28/2010,201.2
7/29/2010,199.38
7/30/2010,200.28
8/2/2010,206.78
8/3/2010,204.74
8/4/2010,205.9
8/5/2010,203.14
8/6/2010,202.59
8/9/2010,205
8/10/2010,202.75
8/11/2010,197.65
8/12/2010,195.41
8/13/2010,194.93
8/16/2010,195.07
8/17/2010,199.6
8/18/2010,199.71
8/19/2010,194.7
8/20/2010,194.18
8/23/2010,193.43
8/24/2010,192.18
8/25/2010,195.34
8/26/2010,193.97
8/27/2010,197.32
8/30/2010,195.26
8/31/2010,197.11
9/1/2010,203.41
9/2/2010,206.07
9/3/2010,208.57
9/6/2010,208.57
9/7/2010,205.43
9/8/2010,205.96
9/9/2010,204.08
9/10/2010,205.05
9/13/2010,208.07
9/14/2010,207.47
9/15/2010,209.1
9/16/2010,207.81
9/17/2010,208.47
9/20/2010,213.25
9/21/2010,209.68
9/22/2010,207.38
9/23/2010,202.46
9/24/2010,208.58
9/27/2010,206.18
9/28/2010,206.99
9/29/2010,205.13
9/30/2010,205.17
10/1/2010,206.22
10/4/2010,207.77
10/5/2010,210.98
10/6/2010,209.98
10/7/2010,210.17
10/8/2010,210.74
10/11/2010,210.62
10/12/2010,212.35
10/13/2010,214.41
10/14/2010,213.46
10/15/2010,213.23
10/18/2010,216.01
10/19/2010,213.14
10/20/2010,217.74
10/21/2010,217.26
10/22/2010,217.15
10/25/2010,217.86
10/26/2010,216
10/27/2010,213.84
10/28/2010,212.64
10/29/2010,212.96
11/1/2010,214.72
11/2/2010,216.06
11/3/2010,215.71
11/4/2010,221.17
11/5/2010,223.32
11/8/2010,221.96
11/9/2010,213.65
11/10/2010,216.43
11/11/2010,214.6
11/12/2010,212.13
11/15/2010,210.3
11/16/2010,203.33
11/17/2010,205.14
11/18/2010,206.66
11/19/2010,207.74
11/22/2010,208.1
11/23/2010,206.34
11/24/2010,210.67
11/25/2010,210.67
11/26/2010,209.7
11/29/2010,209.88
11/30/2010,208.73
12/1/2010,210.69
12/2/2010,213.7
12/3/2010,213.99
12/6/2010,213.99
12/7/2010,214.46
12/8/2010,211.1
12/9/2010,209.1
12/10/2010,211.29
12/13/2010,211.46
12/14/2010,209.38
12/15/2010,206.92
12/16/2010,207.41
12/17/2010,209
12/20/2010,211.77
12/21/2010,213.96
12/22/2010,215.2
12/23/2010,214.05
12/24/2010,214.05
12/27/2010,216.58
12/28/2010,216.89
12/29/2010,217.44
12/30/2010,217.73
12/31/2010,217.04
1/3/2011,221.02
1/4/2011,216.63
1/5/2011,217.92
1/6/2011,216.26
1/7/2011,216.29
1/10/2011,216.17
1/11/2011,215.78
1/12/2011,217.06
1/13/2011,217.41
1/14/2011,219.08
1/17/2011,219.08
1/18/2011,220.99
1/19/2011,217.88
1/20/2011,218.1
1/21/2011,218.86
1/24/2011,219.88
1/25/2011,222.19
1/26/2011,222.7
1/27/2011,225.84
1/28/2011,221.82
1/31/2011,224.87
2/1/2011,226.04
2/2/2011,225.96
2/3/2011,226.56
2/4/2011,224.26
2/7/2011,226.95
2/8/2011,227.66
2/9/2011,227.79
2/10/2011,228.29
2/11/2011,229.88
2/14/2011,229.79
2/15/2011,228.79
2/16/2011,229.72
2/17/2011,229.93
2/18/2011,230.78
2/21/2011,230.78
2/22/2011,228.43
2/23/2011,226.57
2/24/2011,225.31
2/25/2011,229.67
2/28/2011,234.4
3/1/2011,227.93
3/2/2011,225.99
3/3/2011,229.43
3/4/2011,227.2
3/7/2011,225.6
3/8/2011,228.82
3/9/2011,228.74
3/10/2011,225.28
3/11/2011,227.84
3/14/2011,225.92
3/15/2011,224.39
3/16/2011,221.16
3/17/2011,223.06
3/18/2011,224.92
3/21/2011,227.57
3/22/2011,225.53
3/23/2011,223.47
3/24/2011,224.8
3/25/2011,226.17
3/28/2011,225.79
3/29/2011,226.52
3/30/2011,228.92
3/31/2011,230.41
4/1/2011,231.1
4/4/2011,231.06
4/5/2011,231.1
4/6/2011,230.91
4/7/2011,228.36
4/8/2011,226.53
4/11/2011,226.53
4/12/2011,225.82
4/13/2011,225.68
4/14/2011,228.89
4/15/2011,231.41
4/18/2011,228.9
4/19/2011,230.89
4/20/2011,233.55
4/21/2011,235.12
4/22/2011,235.12
4/25/2011,236.31
4/26/2011,238.66
4/27/2011,239.61
4/28/2011,242.27
4/29/2011,240.99
5/2/2011,241.08
5/3/2011,239.32
5/4/2011,238.02
5/5/2011,237.59
5/6/2011,235.72
5/9/2011,237.17
5/10/2011,240.59
5/11/2011,237.52
5/12/2011,237.59
5/13/2011,235.02
5/16/2011,235.72
5/17/2011,235.4
5/18/2011,237.83
5/19/2011,238.47
5/20/2011,235.94
5/23/2011,233.38
5/24/2011,234.27
5/25/2011,235.25
5/26/2011,238.17
5/27/2011,238.9
5/30/2011,238.9
5/31/2011,242.53
6/1/2011,235.72
6/2/2011,234.54
6/3/2011,235.19
6/6/2011,231.95
6/7/2011,234.74
6/8/2011,233.53
6/9/2011,231.43
6/10/2011,225.9
6/13/2011,226.36
6/14/2011,229.8
6/15/2011,225.83
6/16/2011,227.45
6/17/2011,229.44
6/20/2011,232.03
6/21/2011,233.9
6/22/2011,233.15
6/23/2011,228.89
6/24/2011,228.51
6/27/2011,229.88
6/28/2011,231
6/29/2011,233.51
6/30/2011,234.2
7/1/2011,238.33
7/4/2011,238.33
7/5/2011,239.71
7/6/2011,241.31
7/7/2011,244.05
7/8/2011,243.18
7/11/2011,238.75
7/12/2011,239.33
7/13/2011,237.22
7/14/2011,234.66
7/15/2011,237.2
7/18/2011,235.26
7/19/2011,239.35
7/20/2011,240.8
7/21/2011,242.66
7/22/2011,243.83
7/25/2011,240.99
7/26/2011,241.09
7/27/2011,234.36
7/28/2011,234.15
7/29/2011,234.09
8/1/2011,231.21
8/2/2011,224.22
8/3/2011,223.15
8/4/2011,212.05
8/5/2011,207.57
8/8/2011,189.52
8/9/2011,207.7
8/10/2011,202.42
8/11/2011,212.55
8/12/2011,211.72
8/15/2011,219.17
8/16/2011,217.99
8/17/2011,218.56
8/18/2011,208.79
8/19/2011,204.73
8/22/2011,205.4
8/23/2011,210.6
8/24/2011,212.89
8/25/2011,208.17
8/26/2011,211.42
8/29/2011,218.16
8/30/2011,218.94
8/31/2011,221.14
9/1/2011,217.2
9/2/2011,212.08
9/5/2011,212.08
9/6/2011,211.59
9/7/2011,219.34
9/8/2011,217.28
9/9/2011,210.94
9/12/2011,211.69
9/13/2011,212.37
9/14/2011,213.86
9/15/2011,217.09
9/16/2011,218.76
9/19/2011,214.39
9/20/2011,213.93
9/21/2011,203.16
9/22/2011,197.93
9/23/2011,199.99
9/26/2011,202.63
9/27/2011,204.38
9/28/2011,198.47
9/29/2011,201.77
9/30/2011,196.07
10/3/2011,186.86
10/4/2011,193.95
10/5/2011,192.54
10/6/2011,197.89
10/7/2011,191.93
10/10/2011,201.52
10/11/2011,197.74
10/12/2011,201.14
10/13/2011,199.43
10/14/2011,204.44
10/17/2011,199.3
10/18/2011,206.25
10/19/2011,203.58
10/20/2011,204.86
10/21/2011,210.99
10/24/2011,216.47
10/25/2011,212.85
10/26/2011,214.91
10/27/2011,224.32
10/28/2011,224.97
10/31/2011,222.27
11/1/2011,214.6
11/2/2011,219.01
11/3/2011,221.51
11/4/2011,219.54
11/7/2011,219.94
11/8/2011,222.6
11/9/2011,212.62
11/10/2011,212.7
11/11/2011,218.06
11/14/2011,213.49
11/15/2011,215.69
11/16/2011,213.06
11/17/2011,209.35
11/18/2011,210.87
11/21/2011,205.46
11/22/2011,204.55
11/23/2011,198.91
11/24/2011,198.91
11/25/2011,199.88
11/28/2011,204.25
11/29/2011,203.62
11/30/2011,213.27
12/1/2011,210.94
12/2/2011,211.42
12/5/2011,213.09
12/6/2011,212.97
12/7/2011,215.17
12/8/2011,210.11
12/9/2011,214.18
12/12/2011,210.35
12/13/2011,208.41
12/14/2011,209.23
12/15/2011,212.01
12/16/2011,214.13
12/19/2011,211.5
12/20/2011,218.14
12/21/2011,218.57
12/22/2011,221.28
12/23/2011,222.22
12/26/2011,222.22
12/27/2011,222.79
12/28/2011,219.55
12/29/2011,221.52
12/30/2011,220.4
1/2/2012,220.4
1/3/2012,221.97
1/4/2012,218.93
1/5/2012,220.98
1/6/2012,220.25
1/9/2012,219.78
1/10/2012,222.56
1/11/2012,224.26
1/12/2012,223.12
1/13/2012,223.63
1/16/2012,223.63
1/17/2012,225.03
1/18/2012,226.57
1/19/2012,227.88
1/20/2012,229.18
1/23/2012,229.82
1/24/2012,231.01
1/25/2012,233.95
1/26/2012,235.25
1/27/2012,235.65
1/30/2012,233.53
1/31/2012,234.87
2/1/2012,236.67
2/2/2012,236.96
2/3/2012,240.37
2/6/2012,239.31
2/7/2012,239
2/8/2012,238.91
2/9/2012,237.27
2/10/2012,235.25
2/13/2012,237.97
2/14/2012,235.24
2/15/2012,234.24
2/16/2012,236.39
2/17/2012,236.43
2/20/2012,236.43
2/21/2012,233.55
2/22/2012,231.59
2/23/2012,234.64
2/24/2012,234.95
2/27/2012,234.72
2/28/2012,232.98
2/29/2012,232.67
3/1/2012,234.05
3/2/2012,233.85
3/5/2012,235.65
3/6/2012,232.32
3/7/2012,233.54
3/8/2012,232.67
3/9/2012,233.82
3/12/2012,234.96
3/13/2012,239.72
3/14/2012,238.8
3/15/2012,239
3/16/2012,239.97
3/19/2012,241.65
3/20/2012,240.93
3/21/2012,240.35
3/22/2012,237.23
3/23/2012,238.53
3/26/2012,240.76
3/27/2012,240.73
3/28/2012,239.59
3/29/2012,239.71
3/30/2012,241.78
4/2/2012,243.21
4/3/2012,242.04
4/4/2012,239.55
4/5/2012,238.61
4/6/2012,238.61
4/9/2012,236.23
4/10/2012,231.52
4/11/2012,234.56
4/12/2012,237.8
4/13/2012,236.15
4/16/2012,239.4
4/17/2012,241.51
4/18/2012,239.9
4/19/2012,239.82
4/20/2012,242.59
4/23/2012,239.91
4/24/2012,243.3
4/25/2012,246.01
4/26/2012,246.69
4/27/2012,248.08
4/30/2012,247.7
5/1/2012,249.85
5/2/2012,249.69
5/3/2012,248.71
5/4/2012,246.46
5/7/2012,248.01
5/8/2012,247.65
5/9/2012,246.84
5/10/2012,247.07
5/11/2012,247.66
5/14/2012,244.51
5/15/2012,243.44
5/16/2012,240.48
5/17/2012,233.76
5/18/2012,231.23
5/21/2012,236.25
5/22/2012,236.71
5/23/2012,237.46
5/24/2012,238.33
5/25/2012,237.41
5/28/2012,237.41
5/29/2012,240.85
5/30/2012,235.17
5/31/2012,236.66
6/1/2012,230.69
6/4/2012,229.46
6/5/2012,233.55
6/6/2012,238.75
6/7/2012,237.13
6/8/2012,240.22
6/11/2012,235.35
6/12/2012,237.91
6/13/2012,236.5
6/14/2012,239.85
6/15/2012,241.28
6/18/2012,242.98
6/19/2012,244.04
6/20/2012,243.67
6/21/2012,239.67
6/22/2012,239.7
6/25/2012,238.36
6/26/2012,239.62
6/27/2012,240.36
6/28/2012,242.64
6/29/2012,248.4
7/2/2012,250.74
7/3/2012,252.08
7/4/2012,252.08
7/5/2012,250.69
7/6/2012,251.21
7/9/2012,251.64
7/10/2012,248.57
7/11/2012,249.14
7/12/2012,249.87
7/13/2012,253.14
7/16/2012,253.78
7/17/2012,256.15
7/18/2012,253.71
7/19/2012,251.72
7/20/2012,250.62
7/23/2012,249.25
7/24/2012,248.35
7/25/2012,248.37
7/26/2012,250.38
7/27/2012,253.3
7/30/2012,253.76
7/31/2012,253.53
8/1/2012,252.77
8/2/2012,252.94
8/3/2012,254.92
8/6/2012,253.97
8/7/2012,251.25
8/8/2012,249.51
8/9/2012,249.06
8/10/2012,249.43
8/13/2012,249.52
8/14/2012,249.37
8/15/2012,250.11
8/16/2012,251.44
8/17/2012,251.86
8/20/2012,251.32
8/21/2012,251.24
8/22/2012,251.2
8/23/2012,250.34
8/24/2012,251.41
8/27/2012,252.06
8/28/2012,252.77
8/29/2012,253.01
8/30/2012,252.53
8/31/2012,253.3
9/3/2012,253.3
9/4/2012,255.04
9/5/2012,254.58
9/6/2012,256.75
9/7/2012,257.08
9/10/2012,255.24
9/11/2012,256.32
9/12/2012,257.14
9/13/2012,260.46
9/14/2012,261.65
9/17/2012,260.44
9/18/2012,258.1
9/19/2012,256.65
9/20/2012,253.48
9/21/2012,253.51
9/24/2012,253.05
9/25/2012,249.46
9/26/2012,248.75
9/27/2012,249.72
9/28/2012,249.34
10/1/2012,247.74
10/2/2012,249.53
10/3/2012,250.46
10/4/2012,249.61
10/5/2012,250.23
10/8/2012,249.56
10/9/2012,248.23
10/10/2012,248.65
10/11/2012,248.47
10/12/2012,247.42
10/15/2012,249.37
10/16/2012,250.53
10/17/2012,250.62
10/18/2012,253.15
10/19/2012,250.98
10/22/2012,249.83
10/23/2012,247.45
10/24/2012,247.53
10/25/2012,246.48
10/26/2012,244.85
10/29/2012,244.85
10/30/2012,244.85
10/31/2012,247.77
11/1/2012,248.13
11/2/2012,249.24
11/5/2012,247.79
11/6/2012,248.15
11/7/2012,246.72
11/8/2012,244.05
11/9/2012,243.51
11/12/2012,243.07
11/13/2012,242.19
11/14/2012,237.09
11/15/2012,236.33
11/16/2012,238.86
11/19/2012,241.49
11/20/2012,242.65
11/21/2012,242.43
11/22/2012,242.43
11/23/2012,244.69
11/26/2012,244.85
11/27/2012,243.6
11/28/2012,243.36
11/29/2012,244.6
11/30/2012,245.62
12/3/2012,246.32
12/4/2012,246.34
12/5/2012,245.37
12/6/2012,247.52
12/7/2012,248.57
12/10/2012,248.79
12/11/2012,249.07
12/12/2012,248.64
12/13/2012,246.46
12/14/2012,246.31
12/17/2012,247.89
12/18/2012,250.2
12/19/2012,249.67
12/20/2012,252.93
12/21/2012,251.82
12/24/2012,252.14
12/25/2012,252.14
12/26/2012,250.39
12/27/2012,250.72
12/28/2012,248.75
12/31/2012,251.5
1/1/2013,251.5
1/2/2013,255.43
1/3/2013,255.24
1/4/2013,256.73
1/7/2013,257.11
1/8/2013,256.81
1/9/2013,257.85
1/10/2013,258.42
1/11/2013,258.42
1/14/2013,258.68
1/15/2013,259.97
1/16/2013,259.47
1/17/2013,260.34
1/18/2013,261.5
1/21/2013,261.5
1/22/2013,262.97
1/23/2013,262.98
1/24/2013,263.44
1/25/2013,264.73
1/28/2013,264.6
1/29/2013,265.14
1/30/2013,262.8
1/31/2013,261.09
2/1/2013,262.48
2/4/2013,261.94
2/5/2013,261.73
2/6/2013,262.26
2/7/2013,261.16
2/8/2013,263.49
2/11/2013,263.79
2/12/2013,265.33
2/13/2013,265.06
2/14/2013,264.02
2/15/2013,264.41
2/18/2013,264.41
2/19/2013,265.99
2/20/2013,263.9
2/21/2013,261.54
2/22/2013,264.05
2/25/2013,259.46
2/26/2013,261.67
2/27/2013,263.88
2/28/2013,263.68
3/1/2013,264.57
3/4/2013,266.5
3/5/2013,268.51
3/6/2013,267.34
3/7/2013,266.3
3/8/2013,266.49
3/11/2013,267.13
3/12/2013,266.21
3/13/2013,266.37
3/14/2013,267.94
3/15/2013,267.94
3/18/2013,266.47
3/19/2013,264.98
3/20/2013,266.4
3/21/2013,265.58
3/22/2013,267.32
3/25/2013,267.14
3/26/2013,268.88
3/27/2013,268.9
3/28/2013,270.11
3/29/2013,270.11
4/1/2013,270.57
4/2/2013,271.55
4/3/2013,269.99
4/4/2013,273.95
4/5/2013,274.51
4/8/2013,277.56
4/9/2013,277.32
4/10/2013,278.97
4/11/2013,280.56
4/12/2013,280.97
4/15/2013,274.87
4/16/2013,279.36
4/17/2013,275.8
4/18/2013,275.66
4/19/2013,279.48
4/22/2013,279.27
4/23/2013,281.07
4/24/2013,281.82
4/25/2013,281.51
4/26/2013,280.37
4/29/2013,282.48
4/30/2013,285.18
5/1/2013,283.09
5/2/2013,284.55
5/3/2013,284.55
5/6/2013,285.83
5/7/2013,287.36
5/8/2013,287.99
5/9/2013,285.94
5/10/2013,286.49
5/13/2013,287.04
5/14/2013,288.42
5/15/2013,290.54
5/16/2013,289.4
5/17/2013,291.47
5/20/2013,291.36
5/21/2013,292.81
5/22/2013,285.67
5/23/2013,281.39
5/24/2013,280.47
5/27/2013,280.47
5/28/2013,277.55
5/29/2013,272.11
5/30/2013,269.54
5/31/2013,266.11
6/3/2013,266.94
6/4/2013,263.75
6/5/2013,261.09
6/6/2013,265.99
6/7/2013,265.57
6/10/2013,263.13
6/11/2013,259.21
6/12/2013,255.33
6/13/2013,262.73
6/14/2013,263.49
6/17/2013,263.93
6/18/2013,265.03
6/19/2013,256.68
6/20/2013,246.37
6/21/2013,249.52
6/24/2013,247.89
6/25/2013,252.47
6/26/2013,255.35
6/27/2013,259.98
6/28/2013,258.56
7/1/2013,257.41
7/2/2013,260.57
7/3/2013,258.54
7/4/2013,258.54
7/5/2013,257.06
7/8/2013,257.66
7/9/2013,260.98
7/10/2013,260.97
7/11/2013,268.05
7/12/2013,266.69
7/15/2013,267.19
7/16/2013,266.82
7/17/2013,268.02
7/18/2013,270.08
7/19/2013,269.68
7/22/2013,270.44
7/23/2013,270.2
7/24/2013,264.67
7/25/2013,264.91
7/26/2013,265.16
7/29/2013,263.15
7/30/2013,263.03
7/31/2013,259.09
8/1/2013,257.9
8/2/2013,256.83
8/5/2013,256.43
8/6/2013,255.41
8/7/2013,254.39
8/8/2013,254.78
8/9/2013,257.01
8/12/2013,255.11
8/13/2013,251.23
8/14/2013,250.72
8/15/2013,245.85
8/16/2013,240.28
8/19/2013,236.91
8/20/2013,242.44
8/21/2013,241.91
8/22/2013,243.09
8/23/2013,246.07
8/26/2013,245.34
8/27/2013,244.47
8/28/2013,243.17
8/29/2013,243.72
8/30/2013,242.04
9/2/2013,242.04
9/3/2013,239.95
9/4/2013,241.65
9/5/2013,239.38
9/6/2013,243.61
9/9/2013,248.52
9/10/2013,248.3
9/11/2013,249.78
9/12/2013,247.9
9/13/2013,248.68
9/16/2013,251.14
9/17/2013,250.82
9/18/2013,259.3
9/19/2013,258.33
9/20/2013,253.74
9/23/2013,252.31
9/24/2013,250.55
9/25/2013,251.62
9/26/2013,252.45
9/27/2013,251.14
9/30/2013,248.62
10/1/2013,252.2
10/2/2013,252.33
10/3/2013,248.36
10/4/2013,247.93
10/7/2013,248.63
10/8/2013,245.78
10/9/2013,245.82
10/10/2013,251.71
10/11/2013,254.17
10/14/2013,253.97
10/15/2013,252.98
10/16/2013,257.8
10/17/2013,262.11
10/18/2013,261.41
10/21/2013,259.98
10/22/2013,262.8
10/23/2013,262.92
10/24/2013,263.24
10/25/2013,265.68
10/28/2013,263.71
10/29/2013,261.57
10/30/2013,259.43
10/31/2013,257.67
11/1/2013,258.99
11/4/2013,259.47
11/5/2013,255.36
11/6/2013,255.5
11/7/2013,251.99
11/8/2013,248.96
11/11/2013,248.83
11/12/2013,247.59
11/13/2013,249.25
11/14/2013,251.29
11/15/2013,251.95
11/18/2013,250.2
11/19/2013,248.25
11/20/2013,246
11/21/2013,247.57
11/22/2013,246.74
11/25/2013,245.6
11/26/2013,244.8
11/27/2013,247.49
11/28/2013,247.49
11/29/2013,244.93
12/2/2013,243.82
12/3/2013,243.35
12/4/2013,244.16
12/5/2013,244.54
12/6/2013,246.48
12/9/2013,247.95
12/10/2013,247.84
12/11/2013,242.22
12/12/2013,240.55
12/13/2013,241.46
12/16/2013,241.77
12/17/2013,243.02
12/18/2013,247.44
12/19/2013,244
12/20/2013,245.83
12/23/2013,246.32
12/24/2013,246.56
12/25/2013,246.56
12/26/2013,246.69
12/27/2013,246.02
12/30/2013,246.5
12/31/2013,245.72
1/1/2014,245.72
1/2/2014,245.43
1/3/2014,247.01
1/6/2014,247.84
1/7/2014,248.7
1/8/2014,248
1/9/2014,247.96
1/10/2014,250.91
1/13/2014,249.33
1/14/2014,251
1/15/2014,252.22
1/16/2014,252.73
1/17/2014,251.67
1/20/2014,251.67
1/21/2014,253.83
1/22/2014,254.72
1/23/2014,253.83
1/24/2014,250.22
1/27/2014,248.85
1/28/2014,251.41
1/29/2014,249.94
1/30/2014,253.24
1/31/2014,254.34
2/3/2014,250.09
2/4/2014,252.91
2/5/2014,252.66
2/6/2014,254.46
2/7/2014,256.43
2/10/2014,258.61
2/11/2014,259.63
2/12/2014,259.41
2/13/2014,260.64
2/14/2014,261.54
2/17/2014,261.54
2/18/2014,262.81
2/19/2014,262.72
2/20/2014,262.34
2/21/2014,262.6
2/24/2014,263.13
2/25/2014,263.42
2/26/2014,264.12
2/27/2014,263.77
2/28/2014,265.66
3/3/2014,265.57
3/4/2014,268.78
3/5/2014,268.04
3/6/2014,266.94
3/7/2014,264.15
3/10/2014,262.92
3/11/2014,264.3
3/12/2014,264.77
3/13/2014,263.68
3/14/2014,264.13
3/17/2014,264.6
3/18/2014,265.77
3/19/2014,260.61
3/20/2014,261.17
3/21/2014,263.33
3/24/2014,261.66
3/25/2014,263.45
3/26/2014,260.43
3/27/2014,261.26
3/28/2014,262.93
3/31/2014,264.62
4/1/2014,265.8
4/2/2014,265.85
4/3/2014,265.31
4/4/2014,265.96
4/7/2014,266.4
4/8/2014,267.84
4/9/2014,267.49
4/10/2014,265.05
4/11/2014,263.19
4/14/2014,264.81
4/15/2014,267.35
4/16/2014,269.12
4/17/2014,268.16
4/18/2014,268.16
4/21/2014,269.38
4/22/2014,270.26
4/23/2014,269.27
4/24/2014,270.17
4/25/2014,269.08
4/28/2014,270.78
4/29/2014,270.84
4/30/2014,272.1
5/1/2014,273.94
5/2/2014,273.97
5/5/2014,274.96
5/6/2014,273.77
5/7/2014,277.07
5/8/2014,276.85
5/9/2014,276.93
5/12/2014,277.75
5/13/2014,275.96
5/14/2014,276.31
5/15/2014,275.79
5/16/2014,277.84
5/19/2014,277.02
5/20/2014,275.97
5/21/2014,274.9
5/22/2014,274.52
5/23/2014,276.64
5/26/2014,276.64
5/27/2014,278.5
5/28/2014,277.21
5/29/2014,277.66
5/30/2014,279.02
6/2/2014,279.43
6/3/2014,279.07
6/4/2014,279.41
6/5/2014,283.74
6/6/2014,282.99
6/9/2014,280.06
6/10/2014,278.13
6/11/2014,277.2
6/12/2014,276.4
6/13/2014,276.99
6/16/2014,275.73
6/17/2014,276.16
6/18/2014,277.72
6/19/2014,279.51
6/20/2014,280.47
6/23/2014,279.98
6/24/2014,280.12
6/25/2014,279.93
6/26/2014,279.07
6/27/2014,280.6
6/30/2014,280.54
7/1/2014,281.22
7/2/2014,280.63
7/3/2014,279.43
7/4/2014,279.43
7/7/2014,279.86
7/8/2014,280.63
7/9/2014,281.14
7/10/2014,282.06
7/11/2014,282
7/14/2014,283.29
7/15/2014,283.4
7/16/2014,284.24
7/17/2014,282.54
7/18/2014,285.35
7/21/2014,284.3
7/22/2014,285.58
7/23/2014,286.05
7/24/2014,285.77
7/25/2014,283.74
7/28/2014,285.61
7/29/2014,284
7/30/2014,283.86
7/31/2014,279.79
8/1/2014,279.31
8/4/2014,280.93
8/5/2014,278.45
8/6/2014,279.01
8/7/2014,279.36
8/8/2014,281.22
8/11/2014,282.61
8/12/2014,281.93
8/13/2014,285.19
8/14/2014,285.34
8/15/2014,285.25
8/18/2014,287.93
8/19/2014,288.54
8/20/2014,289.57
8/21/2014,289.56
8/22/2014,287.42
8/25/2014,287.08
8/26/2014,287.36
8/27/2014,287.78
8/28/2014,287.4
8/29/2014,288.72
9/1/2014,288.72
9/2/2014,288.86
9/3/2014,289.15
9/4/2014,288.34
9/5/2014,291.35
9/8/2014,290.78
9/9/2014,289.14
9/10/2014,285.08
9/11/2014,285.28
9/12/2014,276.88
9/15/2014,275.81
9/16/2014,278.04
9/17/2014,277.85
9/18/2014,275.55
9/19/2014,275.66
9/22/2014,273.29
9/23/2014,271.44
9/24/2014,271.12
9/25/2014,269.75
9/26/2014,272.21
9/29/2014,271.89
9/30/2014,270.39
10/1/2014,270.4
10/2/2014,270.06
10/3/2014,271.78
10/6/2014,272.29
10/7/2014,270.34
10/8/2014,275.77
10/9/2014,275.18
10/10/2014,274.9
10/13/2014,274.39
10/14/2014,278.65
10/15/2014,276.91
10/16/2014,277.71
10/17/2014,278.93
10/20/2014,282.79
10/21/2014,285.81
10/22/2014,285.28
10/23/2014,287.61
10/24/2014,287.65
10/27/2014,289.35
10/28/2014,290.37
10/29/2014,288.15
10/30/2014,290.5
10/31/2014,292.92
11/3/2014,295.02
11/4/2014,295.2
11/5/2014,295.21
11/6/2014,293.37
11/7/2014,293.24
11/10/2014,294.94
11/11/2014,294
11/12/2014,292.25
11/13/2014,293.56
11/14/2014,291.64
11/17/2014,292.63
11/18/2014,293.99
11/19/2014,292.18
11/20/2014,293.08
11/21/2014,295.22
11/24/2014,296.17
11/25/2014,296.74
11/26/2014,299.15
11/27/2014,299.15
11/28/2014,300
12/1/2014,298.96
12/2/2014,299.9
12/3/2014,299.46
12/4/2014,299.91
12/5/2014,298.42
12/8/2014,299.67
12/9/2014,300.91
12/10/2014,299.96
12/11/2014,300.15
12/12/2014,297.33
12/15/2014,293.77
12/16/2014,292.45
12/17/2014,298.8
12/18/2014,301.35
12/19/2014,301.87
12/22/2014,306.27
12/23/2014,305.34
12/24/2014,304.17
12/25/2014,304.17
12/26/2014,305.15
12/29/2014,305.93
12/30/2014,305.28
12/31/2014,300.6
1/1/2015,300.6
1/2/2015,304.76
1/5/2015,305.34
1/6/2015,307.77
1/7/2015,312.06
1/8/2015,313.42
1/9/2015,313.4
1/12/2015,315.29
1/13/2015,314.43
1/14/2015,316.46
1/15/2015,316.86
1/16/2015,319.69
1/19/2015,319.69
1/20/2015,317.21
1/21/2015,316.85
1/22/2015,322.98
1/23/2015,322.42
1/26/2015,325.45
1/27/2015,324.84
1/28/2015,322.57
1/29/2015,323.13
1/30/2015,317.41
2/2/2015,317.04
2/3/2015,320.11
2/4/2015,318.47
2/5/2015,322.07
2/6/2015,313.52
2/9/2015,311.98
2/10/2015,313.08
2/11/2015,312.26
2/12/2015,315.59
2/13/2015,313.92
2/16/2015,313.92
2/17/2015,313.13
2/18/2015,315.58
2/19/2015,309.61
2/20/2015,312.63
2/23/2015,314.77
2/24/2015,308.9
2/25/2015,309.48
2/26/2015,306.82
2/27/2015,308.89
3/2/2015,310.54
3/3/2015,309.49
3/4/2015,306.79
3/5/2015,307.72
3/6/2015,298.44
3/9/2015,300.77
3/10/2015,299.61
3/11/2015,299.82
3/12/2015,304.62
3/13/2015,303.65
3/16/2015,307.05
3/17/2015,306.63
3/18/2015,312.66
3/19/2015,311.96
3/20/2015,319.26
3/23/2015,318.84
3/24/2015,316.26
3/25/2015,310.96
3/26/2015,309.38
3/27/2015,309.61
3/30/2015,313.25
3/31/2015,310.75
4/1/2015,310.6
4/2/2015,312.88
4/3/2015,312.88
4/6/2015,315.83
4/7/2015,310.97
4/8/2015,311.49
4/9/2015,306
4/10/2015,305.84
4/13/2015,304.81
4/14/2015,305.66
4/15/2015,303.99
4/16/2015,305.17
4/17/2015,303.43
4/20/2015,304
4/21/2015,304.2
4/22/2015,304.89
4/23/2015,305.43
4/24/2015,305.89
4/27/2015,305.4
4/28/2015,305.07
4/29/2015,299.35
4/30/2015,295.33
5/1/2015,297.39
5/4/2015,297.99
5/5/2015,291.58
5/6/2015,290.78
5/7/2015,294.69
5/8/2015,298.79
5/11/2015,294.53
5/12/2015,295.08
5/13/2015,292.55
5/14/2015,297.81
5/15/2015,300.34
5/18/2015,299.59
5/19/2015,299.14
5/20/2015,298.46
5/21/2015,296.92
5/22/2015,296.93
5/25/2015,296.93
5/26/2015,295.1
5/27/2015,297.6
5/28/2015,296.85
5/29/2015,293.95
6/1/2015,297
6/2/2015,294.7
6/3/2015,290.68
6/4/2015,290.41
6/5/2015,287.04
6/8/2015,286.42
6/9/2015,284.31
6/10/2015,286.38
6/11/2015,288.27
6/12/2015,287.71
6/15/2015,286.13
6/16/2015,288.34
6/17/2015,290.41
6/18/2015,294.32
6/19/2015,291.96
6/22/2015,289.59
6/23/2015,287.92
6/24/2015,286.04
6/25/2015,283.48
6/26/2015,284.13
6/29/2015,279.41
6/30/2015,279.76
7/1/2015,283.75
7/2/2015,284.53
7/3/2015,284.53
7/6/2015,285.76
7/7/2015,290.04
7/8/2015,288.31
7/9/2015,287.08
7/10/2015,289.33
7/13/2015,289.74
7/14/2015,290.36
7/15/2015,290.73
7/16/2015,292.91
7/17/2015,291.52
7/20/2015,292.24
7/21/2015,291.1
7/22/2015,292
7/23/2015,289.58
7/24/2015,289.92
7/27/2015,290.28
7/28/2015,290.94
7/29/2015,292.38
7/30/2015,291.16
7/31/2015,292.92
8/3/2015,294.43
8/4/2015,292.95
8/5/2015,291.6
8/6/2015,291.83
8/7/2015,292.73
8/10/2015,292.42
8/11/2015,294.43
8/12/2015,295.12
8/13/2015,295.35
8/14/2015,297.03
8/17/2015,299.27
8/18/2015,299.39
8/19/2015,297.56
8/20/2015,295.08
8/21/2015,289.26
8/24/2015,275.97
8/25/2015,269.02
8/26/2015,276
8/27/2015,281.47
8/28/2015,281.04
8/31/2015,275.43
9/1/2015,270.21
9/2/2015,273.15
9/3/2015,273.85
9/4/2015,268.58
9/7/2015,268.58
9/8/2015,272.63
9/9/2015,269.1
9/10/2015,269.55
9/11/2015,273.7
9/14/2015,273.51
9/15/2015,275.84
9/16/2015,279.02
9/17/2015,281.8
9/18/2015,280.74
9/21/2015,283.07
9/22/2015,279.23
9/23/2015,280.81
9/24/2015,278.2
9/25/2015,279.35
9/28/2015,273.35
9/29/2015,275.72
9/30/2015,278.15
10/1/2015,279.24
10/2/2015,281.74
10/5/2015,287.08
10/6/2015,286.12
10/7/2015,289.18
10/8/2015,291.54
10/9/2015,291.04
10/12/2015,292.59
10/13/2015,290.36
10/14/2015,288.32
10/15/2015,291.98
10/16/2015,294.19
10/19/2015,297.76
10/20/2015,297.85
10/21/2015,296.8
10/22/2015,300.12
10/23/2015,297.32
10/26/2015,297.27
10/27/2015,296.66
10/28/2015,297.77
10/29/2015,297.49
10/30/2015,295.16
11/2/2015,301.52
11/3/2015,298.76
11/4/2015,297.35
11/5/2015,298.07
11/6/2015,289.53
11/9/2015,285.53
11/10/2015,288.2
11/11/2015,288.74
11/12/2015,286.16
11/13/2015,283.23
11/16/2015,286.49
11/17/2015,286.69
11/18/2015,289.77
11/19/2015,290.5
11/20/2015,293.57
11/23/2015,293.95
11/24/2015,292.6
11/25/2015,293.68
11/26/2015,293.68
11/27/2015,295.95
11/30/2015,293.78
12/1/2015,297.7
12/2/2015,291.84
12/3/2015,287.57
12/4/2015,292.58
12/7/2015,291.67
12/8/2015,291.02
12/9/2015,289.1
12/10/2015,287.19
12/11/2015,285.87
12/14/2015,286.39
12/15/2015,289.5
12/16/2015,295.11
12/17/2015,293.53
12/18/2015,289.9
12/21/2015,291.34
12/22/2015,292.8
12/23/2015,295.92
12/24/2015,295.81
12/25/2015,295.81
12/28/2015,297.01
12/29/2015,299.18
12/30/2015,297.31
12/31/2015,295.06
1/1/2016,295.06
1/4/2016,291.9
1/5/2016,297.25
1/6/2016,295.8
1/7/2016,289.68
1/8/2016,285.9
1/11/2016,287.15
1/12/2016,285.22
1/13/2016,280.75
1/14/2016,280.61
1/15/2016,277.23
1/18/2016,277.23
1/19/2016,278.36
1/20/2016,270.75
1/21/2016,272.58
1/22/2016,280.08
1/25/2016,277.25
1/26/2016,283.4
1/27/2016,278.66
1/28/2016,276.91
1/29/2016,282.85
2/1/2016,282.91
2/2/2016,279.81
2/3/2016,281.33
2/4/2016,281.59
2/5/2016,275.18
2/8/2016,267.02
2/9/2016,262.55
2/10/2016,263.98
2/11/2016,260.1
2/12/2016,263.41
2/15/2016,263.41
2/16/2016,268.38
2/17/2016,271.02
2/18/2016,273.19
2/19/2016,274.01
2/22/2016,277.32
2/23/2016,276.34
2/24/2016,276.43
2/25/2016,281.67
2/26/2016,280.51
2/29/2016,280.14
3/1/2016,287.68
3/2/2016,289.75
3/3/2016,291.25
3/4/2016,291.62
3/7/2016,292.2
3/8/2016,289.08
3/9/2016,290.48
3/10/2016,289.49
3/11/2016,296.35
3/14/2016,295.89
3/15/2016,295.84
3/16/2016,299.1
3/17/2016,303.49
3/18/2016,302.23
3/21/2016,300.2
3/22/2016,300.32
3/23/2016,298.21
3/24/2016,298.39
3/25/2016,298.39
3/28/2016,300.78
3/29/2016,305.94
3/30/2016,305.3
3/31/2016,307.21
4/1/2016,307.2
4/4/2016,306.74
4/5/2016,304.93
4/6/2016,305.96
4/7/2016,303.94
4/8/2016,305.94
4/11/2016,305.34
4/12/2016,307.4
4/13/2016,306.71
4/14/2016,304.91
4/15/2016,306.97
4/18/2016,308.22
4/19/2016,308.51
4/20/2016,304.14
4/21/2016,298.93
4/22/2016,302.14
4/25/2016,304.18
4/26/2016,305.34
4/27/2016,305
4/28/2016,304.02
4/29/2016,301.54
5/2/2016,305.85
5/3/2016,305.13
5/4/2016,309.34
5/5/2016,310.26
5/6/2016,313.09
5/9/2016,315.79
5/10/2016,316.32
5/11/2016,310.3
5/12/2016,312.2
5/13/2016,309.18
5/16/2016,312.06
5/17/2016,306.86
5/18/2016,302.72
5/19/2016,299.56
5/20/2016,302
5/23/2016,302.05
5/24/2016,305.55
5/25/2016,305.97
5/26/2016,306.38
5/27/2016,307.79
5/30/2016,307.79
5/31/2016,307.91
6/1/2016,308.09
6/2/2016,309.49
6/3/2016,310.39
6/6/2016,308.63
6/7/2016,310.24
6/8/2016,311.72
6/9/2016,312.28
6/10/2016,310.79
6/13/2016,310.19
6/14/2016,308.63
6/15/2016,311.1
6/16/2016,312.76
6/17/2016,312.24
6/20/2016,312.86
6/21/2016,314.18
6/22/2016,313.73
6/23/2016,316.04
6/24/2016,311.92
6/27/2016,311.4
6/28/2016,317.42
6/29/2016,321.71
6/30/2016,324.84
7/1/2016,324.91
7/4/2016,324.91
7/5/2016,327.14
7/6/2016,326.2
7/7/2016,322.95
7/8/2016,328.12
7/11/2016,330.22
7/12/2016,330.75
7/13/2016,331.93
7/14/2016,329.82
7/15/2016,329.73
7/18/2016,330.43
7/19/2016,332.01
7/20/2016,332.03
7/21/2016,332.59
7/22/2016,335.29
7/25/2016,334.62
7/26/2016,333.54
7/27/2016,330.91
7/28/2016,333.26
7/29/2016,336.63
8/1/2016,338.01
8/2/2016,332.9
8/3/2016,331.44
8/4/2016,330.3
8/5/2016,330.54
8/8/2016,330.77
8/9/2016,332.16
8/10/2016,331.97
8/11/2016,328.66
8/12/2016,329.63
8/15/2016,329.1
8/16/2016,325.21
8/17/2016,326.18
8/18/2016,325.1
8/19/2016,323.05
8/22/2016,324.55
8/23/2016,325.18
8/24/2016,323.6
8/25/2016,324.83
8/26/2016,321.74
8/29/2016,324.81
8/30/2016,324.42
8/31/2016,324.67
9/1/2016,324.11
9/2/2016,326.96
9/5/2016,326.96
9/6/2016,329.43
9/7/2016,331.12
9/8/2016,327.11
9/9/2016,314.17
9/12/2016,317.9
9/13/2016,309.76
9/14/2016,310.65
9/15/2016,312.09
9/16/2016,311.49
9/19/2016,314.61
9/20/2016,314.08
9/21/2016,317.99
9/22/2016,323.85
9/23/2016,324.43
9/26/2016,324.94
9/27/2016,322.14
9/28/2016,323.67
9/29/2016,319.53
9/30/2016,318.03
10/3/2016,312.71
10/4/2016,307.97
10/5/2016,302.08
10/6/2016,302.31
10/7/2016,301.7
10/10/2016,303.58
10/11/2016,300.79
10/12/2016,304.52
10/13/2016,306.56
10/14/2016,305.54
10/17/2016,305.95
10/18/2016,307.79
10/19/2016,308.75
10/20/2016,307.88
10/21/2016,307.43
10/24/2016,308.5
10/25/2016,307.87
10/26/2016,304.12
10/27/2016,296.9
10/28/2016,297.6
10/31/2016,301.88
11/1/2016,295.59
11/2/2016,291.22
11/3/2016,289.69
11/4/2016,291.45
11/7/2016,296.32
11/8/2016,297.77
11/9/2016,292.4
11/10/2016,287.1
11/11/2016,288.27
11/14/2016,293.38
11/15/2016,291.81
11/16/2016,291.68
11/17/2016,289.27
11/18/2016,290.04
11/21/2016,289.97
11/22/2016,294.87
11/23/2016,293.35
11/24/2016,293.35
11/25/2016,294.84
11/28/2016,295.7
11/29/2016,298.2
11/30/2016,294.53
12/1/2016,290.1
12/2/2016,293.01
12/5/2016,295.52
12/6/2016,296.85
12/7/2016,302.83
12/8/2016,304.49
12/9/2016,304.2
12/12/2016,305.95
12/13/2016,305.97
12/14/2016,299.67
12/15/2016,297.54
12/16/2016,301.6
12/19/2016,304.78
12/20/2016,305.22
12/21/2016,301.42
12/22/2016,301
12/23/2016,301.54
12/26/2016,301.54
12/27/2016,301.95
12/28/2016,299.04
12/29/2016,302.19
12/30/2016,304.84
1/2/2017,304.84
1/3/2017,306.22
1/4/2017,310.51
1/5/2017,311.52
1/6/2017,310.95
1/9/2017,308.61
1/10/2017,305.95
1/11/2017,304.63
1/12/2017,305.84
1/13/2017,305.59
1/16/2017,305.59
1/17/2017,307.8
1/18/2017,308.16
1/19/2017,305.02
1/20/2017,307.08
1/23/2017,309.38
1/24/2017,309.8
1/25/2017,308.25
1/26/2017,307.82
1/27/2017,304.85
1/30/2017,303.07
1/31/2017,305.2
2/1/2017,301.79
2/2/2017,305.13
2/3/2017,307.11
2/6/2017,306.04
2/7/2017,305.44
2/8/2017,307.8
2/9/2017,308.81
2/10/2017,310.72
2/13/2017,311.83
2/14/2017,310.3
2/15/2017,309.5
2/16/2017,311.18
2/17/2017,311.71
2/20/2017,311.71
2/21/2017,315.61
2/22/2017,314.76
2/23/2017,316.29
2/24/2017,317.91
2/27/2017,319.56
2/28/2017,317.97
3/1/2017,316.95
3/2/2017,315.75
3/3/2017,314.83
3/6/2017,313.27
3/7/2017,312.03
3/8/2017,306.97
3/9/2017,303.11
3/10/2017,302.69
3/13/2017,302.84
3/14/2017,302.19
3/15/2017,307.95
3/16/2017,307.36
3/17/2017,308.49
3/20/2017,308.36
3/21/2017,307.49
3/22/2017,307.75
3/23/2017,309.76
3/24/2017,309.51
3/27/2017,307.37
3/28/2017,308.83
3/29/2017,309.38
3/30/2017,310.07
3/31/2017,311.62
4/3/2017,311.82
4/4/2017,311.66
4/5/2017,311.8
4/6/2017,313.57
4/7/2017,313.97
4/10/2017,315.91
4/11/2017,317.84
4/12/2017,317.25
4/13/2017,316.59
4/14/2017,316.59
4/17/2017,320.49
4/18/2017,321.24
4/19/2017,320.68
4/20/2017,320.7
4/21/2017,319.54
4/24/2017,316.78
4/25/2017,317.7
4/26/2017,315.36
4/27/2017,315.8
4/28/2017,312.92
5/1/2017,314.82
5/2/2017,314.28
5/3/2017,310.32
5/4/2017,309.06
5/5/2017,311.8
5/8/2017,310.06
5/9/2017,308.21
5/10/2017,309.98
5/11/2017,308.34
5/12/2017,307.27
5/15/2017,308.55
5/16/2017,306.77
5/17/2017,308.11
5/18/2017,309.12
5/19/2017,310.94
5/22/2017,312.05
5/23/2017,312.55
5/24/2017,314.65
5/25/2017,315.17
5/26/2017,313.29
5/29/2017,313.29
5/30/2017,312.12
5/31/2017,312.17
6/1/2017,313.9
6/2/2017,316.5
6/5/2017,315.08
6/6/2017,313.66
6/7/2017,315.18
6/8/2017,314.43
6/9/2017,316.36
6/12/2017,318.26
6/13/2017,318.83
6/14/2017,319.65
6/15/2017,320.69
6/16/2017,320.41
6/19/2017,320.99
6/20/2017,319.93
6/21/2017,318.78
6/22/2017,319.2
6/23/2017,320.54
6/26/2017,322.4
6/27/2017,320.4
6/28/2017,320.03
6/29/2017,316.53
6/30/2017,316.44
7/3/2017,319.84
7/4/2017,319.84
7/5/2017,316.09
7/6/2017,310.51
7/7/2017,312.4
7/10/2017,309.55
7/11/2017,309.4
7/12/2017,313.31
7/13/2017,313.65
7/14/2017,316.73
7/17/2017,317.91
7/18/2017,317.24
7/19/2017,319.67
7/20/2017,318.33
7/21/2017,318.78
7/24/2017,318.41
7/25/2017,318.71
7/26/2017,320.39
7/27/2017,320.25
7/28/2017,319.77
7/31/2017,319.89
8/1/2017,321.14
8/2/2017,319.09
8/3/2017,318.25
8/4/2017,319.14
8/7/2017,318.95
8/8/2017,317.32
8/9/2017,316.96
8/10/2017,314.43
8/11/2017,312.81
8/14/2017,317.8
8/15/2017,316.72
8/16/2017,317.83
8/17/2017,315.59
8/18/2017,313.33
8/21/2017,316.37
8/22/2017,316.11
8/23/2017,318.63
8/24/2017,318.24
8/25/2017,319.6
8/28/2017,318.09
8/29/2017,317.51
8/30/2017,319.34
8/31/2017,321.38
9/1/2017,321.61
9/4/2017,321.61
9/5/2017,320.82
9/6/2017,321.37
9/7/2017,323.21
9/8/2017,323.21
9/11/2017,325.67
9/12/2017,322.37
9/13/2017,321.14
9/14/2017,322.85
9/15/2017,323.68
9/18/2017,322.34
9/19/2017,319.75
9/20/2017,318.92
9/21/2017,318.01
9/22/2017,316.19
9/25/2017,317.73
9/26/2017,317.8
9/27/2017,315.33
9/28/2017,316.73
9/29/2017,316.91
10/2/2017,316.24
10/3/2017,316.28
10/4/2017,318.41
10/5/2017,319.41
10/6/2017,318.22
10/9/2017,318.75
10/10/2017,319.35
10/11/2017,320.74
10/12/2017,322.62
10/13/2017,323.23
10/16/2017,321.92
10/17/2017,322.18
10/18/2017,321.77
10/19/2017,321.35
10/20/2017,320.4
10/23/2017,318.8
10/24/2017,317.19
10/25/2017,316
10/26/2017,314.13
10/27/2017,315.57
10/30/2017,316.1
10/31/2017,316.76
11/1/2017,316.99
11/2/2017,319.06
11/3/2017,318.5
11/6/2017,322.17
11/7/2017,324.68
11/8/2017,326.69
11/9/2017,326.6
11/10/2017,326.62
11/13/2017,327.84
11/14/2017,327.38
11/15/2017,324.52
11/16/2017,326.29
11/17/2017,324.91
11/20/2017,324.32
11/21/2017,326.49
11/22/2017,325.65
11/23/2017,325.65
11/24/2017,326.45
11/27/2017,325.26
11/28/2017,324.37
11/29/2017,323.98
11/30/2017,324.12
12/1/2017,324.77
12/4/2017,322.16
12/5/2017,320.46
12/6/2017,320.37
12/7/2017,321.75
12/8/2017,322.7
12/11/2017,322.94
12/12/2017,324.17
12/13/2017,324.58
12/14/2017,324.18
12/15/2017,325.7
12/18/2017,327.22
12/19/2017,320.88
12/20/2017,317.62
12/21/2017,316.71
12/22/2017,318.69
12/25/2017,318.69
12/26/2017,320.24
12/27/2017,321.34
12/28/2017,322.27
12/29/2017,321.69
1/1/2018,321.69
1/2/2018,320.09
1/3/2018,319.67
1/4/2018,314.65
1/5/2018,315.24
1/8/2018,316.92
1/9/2018,313.34
1/10/2018,309.26
1/11/2018,308.19
1/12/2018,305.86
1/15/2018,305.86
1/16/2018,306.68
1/17/2018,308.83
1/18/2018,305.65
1/19/2018,307.77
1/22/2018,310.48
1/23/2018,314.5
1/24/2018,313.31
1/25/2018,313.02
1/26/2018,312.9
1/29/2018,308.86
1/30/2018,307.01
1/31/2018,312.15
2/1/2018,306.77
2/2/2018,303.52
2/5/2018,294.98
2/6/2018,294.95
2/7/2018,293.7
2/8/2018,285.03
2/9/2018,291.25
2/12/2018,292.02
2/13/2018,293.67
2/14/2018,292.24
2/15/2018,295.28
2/16/2018,297.49
2/19/2018,297.49
2/20/2018,293.89
2/21/2018,288.86
2/22/2018,291.74
2/23/2018,296.62
2/26/2018,297.73
2/27/2018,291.23
2/28/2018,290.68
3/1/2018,289.59
3/2/2018,289.13
3/5/2018,292.62
3/6/2018,294.04
3/7/2018,295.68
3/8/2018,296.98
3/9/2018,298.8
3/12/2018,300.4
3/13/2018,300.75
3/14/2018,300.81
3/15/2018,300.43
3/16/2018,302.22
3/19/2018,299.54
3/20/2018,299.09
3/21/2018,296.78
3/22/2018,295.19
3/23/2018,290.46
3/26/2018,294.22
3/27/2018,294.82
3/28/2018,299.77
3/29/2018,299.62
3/30/2018,299.62
4/2/2018,295.48
4/3/2018,297.29
4/4/2018,300.6
4/5/2018,300.52
4/6/2018,298.13
4/9/2018,297.61
4/10/2018,296.48
4/11/2018,297.12
4/12/2018,294.08
4/13/2018,295.3
4/16/2018,297.02
4/17/2018,300.52
4/18/2018,299.93
4/19/2018,295.66
4/20/2018,293.25
4/23/2018,293.33
4/24/2018,294.24
4/25/2018,293.52
4/26/2018,296.91
4/27/2018,300.8
4/30/2018,299.87
5/1/2018,301.87
5/2/2018,300.87
5/3/2018,301.11
5/4/2018,304.24
5/7/2018,305.79
5/8/2018,303.99
5/9/2018,305.94
5/10/2018,308.69
5/11/2018,307.44
5/14/2018,305.21
5/15/2018,300.54
5/16/2018,299.53
5/17/2018,298.07
5/18/2018,298.6
5/21/2018,301.78
5/22/2018,302.02
5/23/2018,304.7
5/24/2018,303.83
5/25/2018,305.06
5/28/2018,305.06
5/29/2018,306.05
5/30/2018,310.09
5/31/2018,309.06
6/1/2018,310.33
6/4/2018,313.15
6/5/2018,312.14
6/6/2018,313.09
6/7/2018,312.85
6/8/2018,314.13
6/11/2018,313.79
6/12/2018,315.59
6/13/2018,309.38
6/14/2018,311.88
6/15/2018,311.49
6/18/2018,311.68
6/19/2018,311.62
6/20/2018,314.82
6/21/2018,316.19
6/22/2018,318.24
6/25/2018,317.42
6/26/2018,318.48
6/27/2018,317.2
6/28/2018,319.28
6/29/2018,319.48
7/2/2018,318.09
7/3/2018,320.05
7/4/2018,320.05
7/5/2018,323.94
7/6/2018,325.48
7/9/2018,322.93
7/10/2018,323.71
7/11/2018,322.89
7/12/2018,323.54
7/13/2018,322.84
7/16/2018,321.12
7/17/2018,319.22
7/18/2018,317.74
7/19/2018,321
7/20/2018,318.18
7/23/2018,317.73
7/24/2018,316.26
7/25/2018,318.68
7/26/2018,319.59
7/27/2018,316.51
7/30/2018,316.61
7/31/2018,321.91
8/1/2018,323.51
8/2/2018,322.53
8/3/2018,325.61
8/6/2018,325.21
8/7/2018,324.36
8/8/2018,322.69
8/9/2018,322.91
8/10/2018,320.08
8/13/2018,319.93
8/14/2018,321.59
8/15/2018,324.04
8/16/2018,326.16
8/17/2018,329.21
8/20/2018,329.34
8/21/2018,327.2
8/22/2018,325.43
8/23/2018,324.76
8/24/2018,326.43
8/27/2018,326.01
8/28/2018,329.63
8/29/2018,329.54
8/30/2018,327.87
8/31/2018,328.87
9/3/2018,328.87
9/4/2018,325.77
9/5/2018,327.5
9/6/2018,328.26
9/7/2018,324.68
9/10/2018,326.16
9/11/2018,325.92
9/12/2018,325.71
9/13/2018,327.22
9/14/2018,324.74
9/17/2018,325.91
9/18/2018,324.35
9/19/2018,320.74
9/20/2018,323.54
9/21/2018,323.24
9/24/2018,317.68
9/25/2018,317.44
9/26/2018,313.98
9/27/2018,314.26
9/28/2018,318.33
10/1/2018,315.51
10/2/2018,314.6
10/3/2018,311.87
10/4/2018,311.87
